Datum;Auftrag #;Transaktionen;Symbol;Name;ISIN;Anzahl;Stückpreis;Kosten;Aufgelaufene Zinsen;Nettobetrag;Währung Nettobetrag;Nettobetrag in der Währung des Kontos;Saldo;Währung
09-03-2021 18:51:12;00000000;Forex-Gutschrift;;;;1.0;11.77;0.00;0.00;11.77;USD;11.77;2.73;USD
09-03-2021 18:51:12;00000000;Forex-Belastung;;;;1.0;10.00;0.00;0.00;-10.00;EUR;-10.00;8.40;EUR
09-03-2021 18:50:59;00000000;Forex-Gutschrift;;;;1.0;54.41;0.00;0.00;54.41;USD;54.41;-9.04;USD
09-03-2021 18:50:59;00000000;Forex-Belastung;;;;1.0;51.00;0.00;0.00;-51.00;CHF;-51.00;216.87;CHF
09-03-2021 17:03:40;83452638;Kauf;NIO;NIO ADS REP 1 CL A ORD;US62914V1061;66.0;39.90;33.95;0.00;-2'667.35;USD;-2'667.35;-63.45;USD
09-03-2021 17:02:46;83452606;Verkauf;ABNB;AIRBNB CL A ORD;US0090661010;14.0;185.65;33.91;0.00;2'565.19;USD;2'565.19;2'603.90;USD
08-03-2021 15:50:25;00000000;Forex-Gutschrift;;;;1.0;152.95;0.00;0.00;152.95;USD;152.95;38.71;USD
08-03-2021 15:50:25;00000000;Forex-Belastung;;;;1.0;130.00;0.00;0.00;-130.00;EUR;-130.00;18.40;EUR
08-03-2021 15:50:12;00000000;Forex-Gutschrift;;;;1.0;2'652.05;0.00;0.00;2'652.05;USD;2'652.05;-114.24;USD
08-03-2021 15:50:12;00000000;Forex-Belastung;;;;1.0;2'500.00;0.00;0.00;-2'500.00;CHF;-2'500.00;267.87;CHF
08-03-2021 15:30:22;83322334;Kauf;BABA;ALIBABA GROUP HOLDING ADR REP;US01609W1027;12.0;229.00;34.97;0.00;-2'782.97;USD;-2'782.97;-2'766.29;USD
08-03-2021 07:31:48;00000000;Vergütung;;;;1.0;2'500.00;0.00;0.00;2'500.00;CHF;2'500.00;2'767.87;CHF
25-02-2021 16:42:38;00000000;Forex-Gutschrift;;;;1.0;4'110.21;0.00;0.00;4'110.21;USD;4'110.21;16.68;USD
25-02-2021 16:42:38;00000000;Forex-Belastung;;;;1.0;3'750.00;0.00;0.00;-3'750.00;CHF;-3'750.00;267.87;CHF
25-02-2021 15:30:21;82728411;Kauf;BABA;ALIBABA GROUP HOLDING ADR REP;US01609W1027;5.0;250.00;27.73;0.00;-1'277.73;USD;-1'277.73;-4'093.53;USD
25-02-2021 15:30:06;82730721;Kauf;ABNB;AIRBNB CL A ORD;US0090661010;14.0;198.90;35.03;0.00;-2'819.63;USD;-2'819.63;-2'815.80;USD
25-02-2021 09:25:30;00000000;Forex-Gutschrift;;;;1.0;1'076.33;0.00;0.00;1'076.33;EUR;1'076.33;148.40;EUR
25-02-2021 09:25:30;00000000;Forex-Belastung;;;;1.0;1'200.00;0.00;0.00;-1'200.00;CHF;-1'200.00;4'017.87;CHF
25-02-2021 09:00:36;00000000;Buy;ETH;ETH;EX0X00ETH000;0.7;1'342.85;9.40;0.00;-949.40;EUR;-949.40;-927.93;EUR
25-02-2021 01:05:24;00000000;Vergütung;;;;1.0;5'000.00;0.00;0.00;5'000.00;CHF;5'000.00;5'217.87;CHF
17-02-2021 18:09:50;00000000;Forex-Gutschrift;;;;1.0;5.96;0.00;0.00;5.96;USD;5.96;3.83;USD
17-02-2021 18:09:50;00000000;Forex-Belastung;;;;1.0;5.00;0.00;0.00;-5.00;EUR;-5.00;21.47;EUR
17-02-2021 16:50:47;82238722;Kauf;BABA;ALIBABA GROUP HOLDING ADR REP;US01609W1027;32.0;271.36;43.88;0.00;-8'727.40;USD;-8'727.40;-2.13;USD
17-02-2021 16:49:20;82238116;Verkauf;STLA;STELLANTIS ORD;NL00150001Q9;100.0;15.90;2.42;0.00;1'587.58;USD;1'587.58;8'725.27;USD
17-02-2021 16:49:20;82238116;Verkauf;STLA;STELLANTIS ORD;NL00150001Q9;150.0;15.903;3.62;0.00;2'381.83;USD;2'381.83;7'137.69;USD
17-02-2021 16:49:20;82238116;Verkauf;STLA;STELLANTIS ORD;NL00150001Q9;200.0;15.9001;9.84;0.00;3'170.18;USD;3'170.18;4'755.86;USD
17-02-2021 16:49:20;82238116;Verkauf;STLA;STELLANTIS ORD;NL00150001Q9;100.0;15.905;16.43;0.00;1'574.07;USD;1'574.07;1'585.68;USD
11-02-2021 20:38:02;81936389;Kauf;TSM;TAIWAN SEMICONDUCTOR MNFTG ADR;US8740391003;37.0;137.65;8.49;0.00;-5'101.54;USD;-5'101.54;11.61;USD
11-02-2021 20:37:05;81936000;Verkauf;STLA;STELLANTIS ORD;NL00150001Q9;320.0;15.985;7.78;0.00;5'107.42;USD;5'107.42;5'113.15;USD
09-02-2021 09:02:25;00000000;Forex-Gutschrift;;;;1.0;199.60;0.00;0.00;199.60;CHF;199.60;217.87;CHF
09-02-2021 09:02:25;00000000;Forex-Belastung;;;;1.0;225.00;0.00;0.00;-225.00;USD;-225.00;5.73;USD
09-02-2021 09:01:38;81640255;Kauf;VWRL;Vanguard All World ETF Dist;IE00B3RBWM25;7.0;99.73;3.90;0.00;-702.00;CHF;-702.00;18.27;CHF
08-02-2021 18:10:44;00000000;Forex-Gutschrift;;;;1.0;2'204.68;0.00;0.00;2'204.68;USD;2'204.68;230.73;USD
08-02-2021 18:10:44;00000000;Forex-Belastung;;;;1.0;2'000.00;0.00;0.00;-2'000.00;CHF;-2'000.00;720.27;CHF
08-02-2021 18:04:10;81639383;Kauf;BABA;ALIBABA GROUP HOLDING ADR REP;US01609W1027;22.0;262.32;8.66;0.00;-5'779.70;USD;-5'779.70;-1'973.95;USD
08-02-2021 09:22:19;00000000;Dividende;FCAU;FIAT CHRYSLER AUTOMOBILES ORD;NL0010877643;1.0;4'477.09;671.56;0.00;3'805.53;USD;3'805.53;3'805.75;USD
08-02-2021 07:51:54;00000000;Vergütung;;;;1.0;2'500.00;0.00;0.00;2'500.00;CHF;2'500.00;2'720.27;CHF
20-01-2021 11:25:59;00000000;Forex-Gutschrift;;;;1.0;6.00;0.00;0.00;6.00;USD;6.00;0.22;USD
20-01-2021 11:25:59;00000000;Forex-Belastung;;;;1.0;5.00;0.00;0.00;-5.00;EUR;-5.00;26.47;EUR
20-01-2021 11:25:43;00000000;Forex-Gutschrift;;;;1.0;358.89;0.00;0.00;358.89;EUR;358.89;31.47;EUR
20-01-2021 11:25:43;00000000;Forex-Belastung;;;;1.0;439.00;0.00;0.00;-439.00;USD;-439.00;-5.78;USD
20-01-2021 10:56:43;00000000;Buy;ETH;ETH;EX0X00ETH000;0.3;1'084.87;3.25;0.00;-328.71;EUR;-328.71;-327.42;EUR
19-01-2021 17:02:23;00000000;Fusion;STLA;STELLANTIS ORD;NL00150001Q9;2000.0;0;0.00;0.00;-;USD;-;0.00;USD
19-01-2021 17:02:23;00000000;Fusion;FCAU;FIAT CHRYSLER AUTOMOBILES ORD;NL0010877643;-2000.0;0;0.00;0.00;-;USD;-;0.00;USD
15-01-2021 16:11:24;00000000;Dividende;TSM;TAIWAN SEMICONDUCTOR MNFTG ADR;US8740391003;1.0;54.91;11.53;0.00;43.38;USD;43.38;433.22;USD
07-01-2021 12:24:59;79705626;Withdrawal;XBT;XBT;EX0X00XBT000;0.01435;0;0.00;0.00;-;USD;-;0.00;USD
06-01-2021 17:43:09;00000000;Forex-Gutschrift;;;;1.0;157.25;0.00;0.00;157.25;USD;157.25;389.84;USD
06-01-2021 17:43:09;00000000;Forex-Belastung;;;;1.0;140.00;0.00;0.00;-140.00;CHF;-140.00;220.27;CHF
01-01-2021 11:46:35;00000000;Zins;;;;1.0;0.27;0.00;0.00;-0.27;CHF;-0.27;360.27;CHF
01-01-2021 11:37:06;00000000;Zins;;;;1.0;4.72;0.00;0.00;-4.72;USD;-4.72;232.59;USD
01-01-2021 09:06:46;00000000;Zins;;;;1.0;0.01;0.00;0.00;-0.01;EUR;-0.01;1.29;EUR
31-12-2020 12:47:23;00000000;Depotgebühren;;;;1.0;36.22;2.79;0.00;-39.01;CHF;-39.01;360.54;CHF
31-12-2020 10:32:57;00000000;Dividende;VFEM;Vanguard EM ETF Dist;IE00B3VVMM84;1.0;24.98;0.00;0.00;24.98;USD;24.98;237.31;USD
31-12-2020 10:24:38;00000000;Dividende;VWRL;Vanguard All World ETF Dist;IE00B3RBWM25;1.0;40.98;0.00;0.00;40.98;USD;40.98;212.33;USD
31-12-2020 08:32:09;00000000;Dividende;VTI;VANGUARD TOTAL STOCK MARKET ET;US9229087690;1.0;132.91;39.88;0.00;93.03;USD;93.03;171.35;USD
28-12-2020 09:00:33;79254938;Kauf;VFEM;Vanguard EM ETF Dist;IE00B3VVMM84;57.0;59.64;16.95;0.00;-3'416.45;CHF;-3'416.45;399.55;CHF
24-12-2020 04:40:33;00000000;Vergütung;;;;1.0;3'500.00;0.00;0.00;3'500.00;CHF;3'500.00;3'816.00;CHF
14-12-2020 16:32:32;78846351;Kauf;VTI;VANGUARD TOTAL STOCK MARKET ET;US9229087690;22.0;192.04;36.34;0.00;-4'261.22;USD;-4'261.22;78.32;USD
14-12-2020 16:30:43;78846290;Kauf;FCAU;FIAT CHRYSLER AUTOMOBILES ORD;NL0010877643;460.0;16.91;41.67;0.00;-7'820.27;USD;-7'820.27;4'339.54;USD
14-12-2020 16:29:22;78845684;Verkauf;BABA;ALIBABA GROUP HOLDING ADR REP;US01609W1027;47.0;258.08;74.31;0.00;12'055.45;USD;12'055.45;12'159.81;USD
11-12-2020 10:32:50;00000000;Dividende;MSFT;MICROSOFT ORD;US5949181045;1.0;32.48;9.74;0.00;22.74;USD;22.74;104.36;USD
08-12-2020 18:02:55;00000000;Forex-Gutschrift;;;;1.0;2'117.80;0.00;0.00;2'117.80;USD;2'117.80;81.62;USD
08-12-2020 18:02:55;00000000;Forex-Belastung;;;;1.0;1'900.00;0.00;0.00;-1'900.00;CHF;-1'900.00;316.00;CHF
08-12-2020 16:23:24;78597608;Kauf;BABA;ALIBABA GROUP HOLDING ADR REP;US01609W1027;8.0;264.00;33.17;0.00;-2'145.17;USD;-2'145.17;-2'036.18;USD
08-12-2020 01:40:28;00000000;Vergütung;;;;1.0;2'000.00;0.00;0.00;2'000.00;CHF;2'000.00;2'216.00;CHF
05-12-2020 11:36:34;00000000;Interne Titelumbuchung;ROG;ROCHE GS;CH0012032048;85.0;0;0.00;0.00;-;CHF;-;0.00;CHF
05-12-2020 11:36:34;00000000;Interne Titelumbuchung;ROG;ROCHE GS;CH0012032048;-85.0;0;0.00;0.00;-;CHF;-;0.00;CHF
27-11-2020 22:17:01;00000000;Fx-Gutschrift Comp.;;;;1.0;2'608.20;0.00;0.00;2'608.20;CHF;2'608.20;216.00;CHF
27-11-2020 22:17:01;00000000;Fx-Belastung Comp.;;;;1.0;2'910.25;0.00;0.00;-2'910.25;USD;-2'910.25;108.99;USD
27-11-2020 16:49:57;78249110;Kauf;VTI;VANGUARD TOTAL STOCK MARKET ET;US9229087690;26.0;188.28;37.34;0.00;-4'932.62;USD;-4'932.62;3'019.24;USD
27-11-2020 15:36:39;78236222;Kauf;VWRL;Vanguard All World ETF Dist;IE00B3RBWM25;28.0;93.28;15.75;0.00;-2'627.60;CHF;-2'627.60;-2'392.20;CHF
27-11-2020 15:34:38;78235620;Kauf;BABA;ALIBABA GROUP HOLDING ADR REP;US01609W1027;9.0;278.29;34.61;0.00;-2'539.22;USD;-2'539.22;7'951.86;USD
27-11-2020 15:30:01;78199246;Verkauf;BLV;VANGUARD LONG TERM BOND ETF;US9219377937;92.0;113.04;70.83;0.00;10'328.85;USD;10'328.85;10'491.08;USD
25-11-2020 16:55:32;78156967;Verkauf;KNDI;KANDI TECHNOLOGIES GROUP ORD;US4837091010;13.0;13.72;16.13;0.00;162.23;USD;162.23;162.23;USD
23-11-2020 22:16:48;00000000;Fx-Gutschrift Comp.;;;;1.0;20.03;0.00;0.00;20.03;USD;20.03;0.00;USD
23-11-2020 22:16:48;00000000;Fx-Belastung Comp.;;;;1.0;18.45;0.00;0.00;-18.45;CHF;-18.45;235.40;CHF
23-11-2020 17:20:30;78032261;Kauf;KNDI;KANDI TECHNOLOGIES GROUP ORD;US4837091010;13.0;14.48;16.13;0.00;-204.37;USD;-204.37;-20.03;USD
18-11-2020 16:18:12;77848463;Kauf;FCAU;FIAT CHRYSLER AUTOMOBILES ORD;NL0010877643;380.0;15.06;38.58;0.00;-5'761.38;USD;-5'761.38;184.34;USD
18-11-2020 16:16:26;77848361;Verkauf;AAPL;APPLE ORD;US0378331005;50.0;118.61;39.88;0.00;5'890.62;USD;5'890.62;5'945.72;USD
13-11-2020 07:04:23;00000000;Dividende;AAPL;APPLE ORD;US0378331005;1.0;10.25;3.08;0.00;7.17;USD;7.17;55.10;USD
05-11-2020 12:15:12;00000000;Dividende;BLV;VANGUARD LONG TERM BOND ETF;US9219377937;1.0;24.20;7.26;0.00;16.94;USD;16.94;47.93;USD
03-11-2020 17:12:22;00000000;Forex-Gutschrift;;;;1.0;560.18;0.00;0.00;560.18;CHF;560.18;253.85;CHF
03-11-2020 17:12:22;00000000;Forex-Belastung;;;;1.0;620.00;0.00;0.00;-620.00;USD;-620.00;30.99;USD
03-11-2020 17:11:48;77175469;Kauf;VWRL;Vanguard All World ETF Dist;IE00B3RBWM25;6.0;85.69;12.60;0.00;-526.75;CHF;-526.75;-306.33;CHF
03-11-2020 17:08:26;00000000;Forex-Gutschrift;;;;1.0;13'568.33;0.00;0.00;13'568.33;USD;13'568.33;650.99;USD
03-11-2020 17:08:26;00000000;Forex-Belastung;;;;1.0;12'500.00;0.00;0.00;-12'500.00;CHF;-12'500.00;220.42;CHF
03-11-2020 17:07:25;77175231;Kauf;BABA;ALIBABA GROUP HOLDING ADR REP;US01609W1027;30.0;292.3599;44.01;0.00;-8'814.81;USD;-8'814.81;-12'917.34;USD
03-11-2020 16:56:04;00000000;Buy;XBT;XBT;EX0X00XBT000;0.3;13'727.44;41.18;0.00;-4'159.41;USD;-4'159.41;-4'102.53;USD
02-11-2020 08:16:26;00000000;Vergütung;;;;1.0;12'500.00;0.00;0.00;12'500.00;CHF;12'500.00;12'720.42;CHF
16-10-2020 14:50:05;00000000;Dividende;TSM;TAIWAN SEMICONDUCTOR MNFTG ADR;US8740391003;1.0;53.51;11.24;0.00;42.27;USD;42.27;56.88;USD
12-10-2020 20:18:11;00000000;Forex-Gutschrift;;;;1.0;107.82;0.00;0.00;107.82;USD;107.82;14.61;USD
12-10-2020 20:18:11;00000000;Forex-Belastung;;;;1.0;99.00;0.00;0.00;-99.00;CHF;-99.00;220.42;CHF
12-10-2020 20:17:31;76494646;Kauf;BLV;VANGUARD LONG TERM BOND ETF;US9219377937;5.0;111.45;25.84;0.00;-583.09;USD;-583.09;-93.21;USD
12-10-2020 20:16:39;76494634;Verkauf;PLTR;PALANTIR TECHNOLOGIES CL A ORD;US69608A1088;46.0;9.94;16.55;0.00;440.69;USD;440.69;489.88;USD
12-10-2020 17:50:14;00000000;Forex-Gutschrift;;;;1.0;2'940.17;0.00;0.00;2'940.17;USD;2'940.17;49.19;USD
12-10-2020 17:50:14;00000000;Forex-Belastung;;;;1.0;2'700.00;0.00;0.00;-2'700.00;CHF;-2'700.00;319.42;CHF
12-10-2020 17:48:31;00000000;Buy;XBT;XBT;EX0X00XBT000;0.25;11'556.20;28.89;0.00;-2'917.94;USD;-2'917.94;-2'890.98;USD
09-10-2020 16:32:05;00000000;Forex-Gutschrift;;;;1.0;1'303.20;0.00;0.00;1'303.20;USD;1'303.20;26.96;USD
09-10-2020 16:32:05;00000000;Forex-Belastung;;;;1.0;1'200.00;0.00;0.00;-1'200.00;CHF;-1'200.00;3'019.42;CHF
09-10-2020 15:30:00;76389808;Kauf;BLV;VANGUARD LONG TERM BOND ETF;US9219377937;13.0;110.53;28.01;0.00;-1'464.90;USD;-1'464.90;-1'276.24;USD
09-10-2020 09:07:28;00000000;Vergütung;;;;1.0;4'000.00;0.00;0.00;4'000.00;CHF;4'000.00;4'219.42;CHF
09-10-2020 07:02:35;00000000;Dividende;VWRL;Vanguard All World ETF Dist;IE00B3RBWM25;1.0;44.10;0.00;0.00;44.10;USD;44.10;188.66;USD
07-10-2020 18:16:23;00000000;Dividende;VFEM;Vanguard EM ETF Dist;IE00B3VVMM84;1.0;121.45;0.00;0.00;121.45;USD;121.45;144.56;USD
06-10-2020 12:06:48;00000000;Dividende;BLV;VANGUARD LONG TERM BOND ETF;US9219377937;1.0;19.92;5.98;0.00;13.94;USD;13.94;23.11;USD
01-10-2020 16:07:33;00000000;Forex-Gutschrift;;;;1.0;344.89;0.00;0.00;344.89;USD;344.89;9.17;USD
01-10-2020 16:07:33;00000000;Forex-Belastung;;;;1.0;320.00;0.00;0.00;-320.00;CHF;-320.00;219.42;CHF
01-10-2020 16:06:59;00000000;Forex-Gutschrift;;;;1.0;320.44;0.00;0.00;320.44;CHF;320.44;539.42;CHF
01-10-2020 16:06:59;00000000;Forex-Belastung;;;;1.0;300.00;0.00;0.00;-300.00;EUR;-300.00;1.30;EUR
01-10-2020 16:06:39;00000000;Forex-Gutschrift;;;;1.0;301.30;0.00;0.00;301.30;EUR;301.30;301.30;EUR
01-10-2020 16:06:39;00000000;Forex-Belastung;;;;1.0;328.00;0.00;0.00;-328.00;CHF;-328.00;218.98;CHF
01-10-2020 15:30:33;76161295;Kauf;PLTR;PALANTIR TECHNOLOGIES CL A ORD;US69608A1088;46.0;9.70;15.67;0.00;-461.87;USD;-461.87;-335.72;USD
30-09-2020 13:52:38;00000000;Dividende;VTI;VANGUARD TOTAL STOCK MARKET ET;US9229087690;1.0;82.24;24.67;0.00;57.57;USD;57.57;126.15;USD
30-09-2020 12:33:59;00000000;Depotgebühren;;;;1.0;32.64;2.51;0.00;-35.15;CHF;-35.15;546.98;CHF
30-09-2020 11:41:24;00000000;Dividende;SMMCHA;UBSETF SMIM CHF DIS;CH0111762537;1.0;420.20;147.07;0.00;273.13;CHF;273.13;582.13;CHF
30-09-2020 08:27:34;00000000;Capital Gain;SMMCHA;UBSETF SMIM CHF DIS;CH0111762537;1.0;88.00;0.00;0.00;88.00;CHF;88.00;309.00;CHF
24-09-2020 18:28:07;00000000;Forex-Gutschrift;;;;1.0;508.14;0.00;0.00;508.14;USD;508.14;68.58;USD
24-09-2020 18:28:07;00000000;Forex-Belastung;;;;1.0;475.00;0.00;0.00;-475.00;CHF;-475.00;221.00;CHF
24-09-2020 18:27:49;75908002;Kauf;AAPL;APPLE ORD;US0378331005;4.0;109.80;16.51;0.00;-455.71;USD;-455.71;-439.56;USD
23-09-2020 12:46:31;00000000;Forex-Gutschrift;;;;1.0;21.53;0.00;0.00;21.53;USD;21.53;16.15;USD
23-09-2020 12:46:31;00000000;Forex-Belastung;;;;1.0;20.00;0.00;0.00;-20.00;CHF;-20.00;696.00;CHF
23-09-2020 12:05:32;00000000;Vergütung;;;;1.0;500.00;0.00;0.00;500.00;CHF;500.00;716.00;CHF
18-09-2020 11:42:17;00000000;Dividende;WM;WASTE MANAGEMENT ORD;US94106L1098;1.0;23.98;7.19;0.00;16.79;USD;16.79;-5.38;USD
15-09-2020 22:17:07;00000000;Fx-Gutschrift Comp.;;;;1.0;2.93;0.00;0.00;2.93;USD;2.93;-22.17;USD
15-09-2020 22:17:07;00000000;Fx-Belastung Comp.;;;;1.0;2.69;0.00;0.00;-2.69;CHF;-2.69;216.00;CHF
15-09-2020 22:17:07;00000000;Fx-Gutschrift Comp.;;;;1.0;9.94;0.00;0.00;9.94;USD;9.94;-25.10;USD
15-09-2020 22:17:07;00000000;Fx-Belastung Comp.;;;;1.0;8.47;0.00;0.00;-8.47;EUR;-8.47;0.00;EUR
15-09-2020 15:54:25;00000000;Forex-Gutschrift;;;;1.0;5'404.72;0.00;0.00;5'404.72;USD;5'404.72;-35.04;USD
15-09-2020 15:54:25;00000000;Forex-Belastung;;;;1.0;4'600.00;0.00;0.00;-4'600.00;EUR;-4'600.00;8.47;EUR
15-09-2020 15:31:19;75450181;Kauf;AAPL;APPLE ORD;US0378331005;41.0;118.00;12.25;0.00;-4'850.25;USD;-4'850.25;-5'439.76;USD
15-09-2020 15:31:19;75450181;Kauf;AAPL;APPLE ORD;US0378331005;5.0;118.00;25.89;0.00;-615.89;USD;-615.89;-589.51;USD
15-09-2020 10:18:58;75450898;Verkauf;ASML;ASML HOLDING ORD;NL0010273215;8.0;309.75;3.72;0.00;2'474.28;EUR;2'474.28;4'608.47;EUR
15-09-2020 10:18:58;75450898;Verkauf;ASML;ASML HOLDING ORD;NL0010273215;7.0;309.75;34.10;0.00;2'134.15;EUR;2'134.15;2'134.19;EUR
10-09-2020 18:52:23;75359121;Verkauf;MSFT;MICROSOFT ORD;US5949181045;1.0;208.95;16.17;0.00;192.78;USD;192.78;26.38;USD
10-09-2020 18:50:36;00000000;Forex-Gutschrift;;;;1.0;1'640.25;0.00;0.00;1'640.25;USD;1'640.25;-166.40;USD
10-09-2020 18:50:36;00000000;Forex-Belastung;;;;1.0;1'505.00;0.00;0.00;-1'505.00;CHF;-1'505.00;218.69;CHF
10-09-2020 18:50:20;00000000;Forex-Gutschrift;;;;1.0;12'101.19;0.00;0.00;12'101.19;USD;12'101.19;-1'806.65;USD
10-09-2020 18:50:20;00000000;Forex-Belastung;;;;1.0;10'310.00;0.00;0.00;-10'310.00;EUR;-10'310.00;0.04;EUR
10-09-2020 16:22:24;75351980;Kauf;TSM;TAIWAN SEMICONDUCTOR MNFTG ADR;US8740391003;76.0;80.84;39.22;0.00;-6'183.06;USD;-6'183.06;-13'907.84;USD
10-09-2020 16:18:49;75351500;Kauf;FCAU;FIAT CHRYSLER AUTOMOBILES ORD;NL0010877643;411.0;11.89;12.33;0.00;-4'899.12;USD;-4'899.12;-7'724.78;USD
10-09-2020 16:18:49;75351500;Kauf;FCAU;FIAT CHRYSLER AUTOMOBILES ORD;NL0010877643;1.0;11.89;0.02;0.00;-11.91;USD;-11.91;-2'825.66;USD
10-09-2020 16:18:49;75351500;Kauf;FCAU;FIAT CHRYSLER AUTOMOBILES ORD;NL0010877643;100.0;11.885;27.63;0.00;-1'216.13;USD;-1'216.13;-2'813.75;USD
10-09-2020 16:16:47;75351426;Verkauf;XDJP;X NIKKEI 225 ETF;LU0839027447;547.0;18.98;72.02;0.00;10'310.04;EUR;10'310.04;10'310.04;EUR
10-09-2020 16:07:52;75350919;Kauf;BLV;VANGUARD LONG TERM BOND ETF;US9219377937;16.0;111.99;28.54;0.00;-1'820.38;USD;-1'820.38;-1'597.62;USD
10-09-2020 12:05:52;00000000;Dividende;MSFT;MICROSOFT ORD;US5949181045;1.0;30.09;9.03;0.00;21.06;USD;21.06;222.76;USD
10-09-2020 01:15:31;00000000;Vergütung;;;;1.0;1'500.00;0.00;0.00;1'500.00;CHF;1'500.00;1'723.69;CHF
09-09-2020 19:27:12;75325678;Kauf;VTI;VANGUARD TOTAL STOCK MARKET ET;US9229087690;54.0;172.80;44.85;0.00;-9'376.05;USD;-9'376.05;201.70;USD
09-09-2020 19:25:54;75325895;Verkauf;AXP;AMERICAN EXPRESS ORD;US0258161092;91.0;104.39;20.94;0.00;9'478.55;USD;9'478.55;9'577.75;USD
09-09-2020 19:24:16;75325646;Kauf;BLV;VANGUARD LONG TERM BOND ETF;US9219377937;44.0;112.27;8.26;0.00;-4'948.14;USD;-4'948.14;99.20;USD
09-09-2020 19:23:04;75325628;Verkauf;WM;WASTE MANAGEMENT ORD;US94106L1098;44.0;112.33;8.37;0.00;4'934.15;USD;4'934.15;5'047.34;USD
08-09-2020 16:51:12;00000000;Forex-Gutschrift;;;;1.0;1'662.19;0.00;0.00;1'662.19;USD;1'662.19;113.19;USD
08-09-2020 16:51:12;00000000;Forex-Belastung;;;;1.0;1'540.00;0.00;0.00;-1'540.00;CHF;-1'540.00;223.69;CHF
08-09-2020 15:30:01;75179524;Kauf;BLV;VANGUARD LONG TERM BOND ETF;US9219377937;14.0;112.37;3.21;0.00;-1'576.39;USD;-1'576.39;-1'549.00;USD
07-09-2020 07:55:39;00000000;Vergütung;;;;1.0;1'500.00;0.00;0.00;1'500.00;CHF;1'500.00;1'763.69;CHF
10-08-2020 12:14:23;00000000;Dividende;AXP;AMERICAN EXPRESS ORD;US0258161092;1.0;39.13;11.74;0.00;27.39;USD;27.39;27.39;USD
07-08-2020 22:17:46;00000000;Fx-Gutschrift Comp.;;;;1.0;3'824.73;0.00;0.00;3'824.73;USD;3'824.73;0.00;USD
07-08-2020 22:17:46;00000000;Fx-Belastung Comp.;;;;1.0;3'525.33;0.00;0.00;-3'525.33;CHF;-3'525.33;263.69;CHF
07-08-2020 15:48:44;74208215;Kauf;TSM;TAIWAN SEMICONDUCTOR MNFTG ADR;US8740391003;47.0;80.60;36.53;0.00;-3'824.73;USD;-3'824.73;-3'824.73;USD
07-08-2020 01:25:30;00000000;Vergütung;;;;1.0;3'500.00;0.00;0.00;3'500.00;CHF;3'500.00;3'789.02;CHF
23-07-2020 22:16:59;00000000;Fx-Gutschrift Comp.;;;;1.0;1'541.32;0.00;0.00;1'541.32;USD;1'541.32;0.00;USD
23-07-2020 22:16:59;00000000;Fx-Belastung Comp.;;;;1.0;1'440.97;0.00;0.00;-1'440.97;CHF;-1'440.97;289.02;CHF
23-07-2020 22:16:59;00000000;Fx-Gutschrift Comp.;;;;1.0;5'131.09;0.00;0.00;5'131.09;EUR;5'131.09;0.00;EUR
23-07-2020 22:16:59;00000000;Fx-Belastung Comp.;;;;1.0;5'560.69;0.00;0.00;-5'560.69;CHF;-5'560.69;1'729.99;CHF
23-07-2020 16:05:24;73760786;Kauf;WM;WASTE MANAGEMENT ORD;US94106L1098;15.0;108.39;28.29;0.00;-1'654.14;USD;-1'654.14;-1'541.32;USD
23-07-2020 16:03:05;73760656;Kauf;ASML;ASML HOLDING ORD;NL0010273215;12.0;339.80;11.12;0.00;-4'088.72;EUR;-4'088.72;-5'131.09;EUR
23-07-2020 16:03:05;73760656;Kauf;ASML;ASML HOLDING ORD;NL0010273215;3.0;339.80;27.38;0.00;-1'046.78;EUR;-1'046.78;-1'042.37;EUR
23-07-2020 16:00:59;73760478;Verkauf;SREN;SWISS RE N;CH0126881561;89.0;74.08;14.95;0.00;6'578.20;CHF;6'578.20;7'290.68;CHF
23-07-2020 16:00:59;73760478;Verkauf;SREN;SWISS RE N;CH0126881561;7.0;74.08;22.75;0.00;495.80;CHF;495.80;712.48;CHF
07-07-2020 09:47:20;73210774;Kauf;SREN;SWISS RE N;CH0126881561;47.0;75.12;35.00;0.00;-3'565.65;CHF;-3'565.65;216.68;CHF
07-07-2020 01:25:31;00000000;Vergütung;;;;1.0;3'500.00;0.00;0.00;3'500.00;CHF;3'500.00;3'782.33;CHF
30-06-2020 16:25:56;00000000;Dividende;VTI;VANGUARD TOTAL STOCK MARKET ET;US9229087690;1.0;47.59;14.28;0.00;33.31;USD;33.31;112.82;USD
30-06-2020 16:16:52;00000000;Forex-Gutschrift;;;;1.0;188.01;0.00;0.00;188.01;CHF;188.01;282.33;CHF
30-06-2020 16:16:52;00000000;Forex-Belastung;;;;1.0;200.00;0.00;0.00;-200.00;USD;-200.00;79.51;USD
30-06-2020 16:16:30;73045121;Kauf;SREN;SWISS RE N;CH0126881561;49.0;72.66;35.00;0.00;-3'595.35;CHF;-3'595.35;94.32;CHF
30-06-2020 11:37:13;00000000;Depotgebühren;;;;1.0;26.12;2.01;0.00;-28.13;CHF;-28.13;3'689.67;CHF
30-06-2020 08:50:35;00000000;Vergütung;;;;1.0;3'500.00;0.00;0.00;3'500.00;CHF;3'500.00;3'717.80;CHF
26-06-2020 06:14:55;00000000;Dividende;VWRL;Vanguard All World ETF Dist;IE00B3RBWM25;1.0;36.98;0.00;0.00;36.98;USD;36.98;279.51;USD
25-06-2020 07:40:20;00000000;Dividende;VFEM;Vanguard EM ETF Dist;IE00B3VVMM84;1.0;49.04;0.00;0.00;49.04;USD;49.04;242.53;USD
19-06-2020 14:02:50;00000000;Dividende;WM;WASTE MANAGEMENT ORD;US94106L1098;1.0;15.81;4.74;0.00;11.07;USD;11.07;193.49;USD
11-06-2020 17:19:52;00000000;Dividende;MSFT;MICROSOFT ORD;US5949181045;1.0;30.09;9.03;0.00;21.06;USD;21.06;182.42;USD
05-06-2020 14:48:26;00000000;Dividende;TLT;ISHARES 20 PLS YEAR TREASURY B;US4642874329;1.0;3.57;1.07;0.00;2.50;USD;2.50;161.36;USD
03-06-2020 16:13:29;72061189;Kauf;FCAU;FIAT CHRYSLER AUTOMOBILES ORD;NL0010877643;60.0;9.78;5.88;0.00;-592.68;USD;-592.68;158.86;USD
03-06-2020 16:13:29;72061189;Kauf;FCAU;FIAT CHRYSLER AUTOMOBILES ORD;NL0010877643;100.0;9.775;1.46;0.00;-978.96;USD;-978.96;751.54;USD
03-06-2020 16:13:29;72061189;Kauf;FCAU;FIAT CHRYSLER AUTOMOBILES ORD;NL0010877643;100.0;9.775;27.32;0.00;-1'004.82;USD;-1'004.82;1'730.50;USD
03-06-2020 16:11:47;72061028;Verkauf;TLT;ISHARES 20 PLS YEAR TREASURY B;US4642874329;17.0;159.56;34.98;0.00;2'677.54;USD;2'677.54;2'735.32;USD
28-05-2020 16:02:54;00000000;Forex-Gutschrift;;;;1.0;3'580.65;0.00;0.00;3'580.65;USD;3'580.65;57.78;USD
28-05-2020 16:02:53;00000000;Forex-Belastung;;;;1.0;3'500.00;0.00;0.00;-3'500.00;CHF;-3'500.00;217.80;CHF
28-05-2020 15:39:15;71792942;Kauf;FCAU;FIAT CHRYSLER AUTOMOBILES ORD;NL0010877643;388.0;9.00;36.09;0.00;-3'528.09;USD;-3'528.09;-3'522.87;USD
28-05-2020 03:20:36;00000000;Vergütung;;;;1.0;3'500.00;0.00;0.00;3'500.00;CHF;3'500.00;3'717.80;CHF
20-05-2020 22:07:54;00000000;Forex-Gutschrift;;;;1.0;293.52;0.00;0.00;293.52;USD;293.52;5.22;USD
20-05-2020 22:07:54;00000000;Forex-Belastung;;;;1.0;270.00;0.00;0.00;-270.00;EUR;-270.00;4.41;EUR
20-05-2020 21:52:13;71595024;Kauf;AXP;AMERICAN EXPRESS ORD;US0258161092;3.0;90.68;16.26;0.00;-288.30;USD;-288.30;-288.30;USD
13-05-2020 22:16:37;00000000;Fx-Gutschrift Comp.;;;;1.0;2'007.79;0.00;0.00;2'007.79;USD;2'007.79;0.00;USD
13-05-2020 22:16:37;00000000;Fx-Belastung Comp.;;;;1.0;1'874.01;0.00;0.00;-1'874.01;EUR;-1'874.01;274.41;EUR
13-05-2020 15:30:37;71351239;Kauf;TLT;ISHARES 20 PLS YEAR TREASURY B;US4642874329;12.0;165.09;28.82;0.00;-2'009.90;USD;-2'009.90;-2'007.79;USD
13-05-2020 12:03:28;71345895;Verkauf;GUI;DIAGEO ORD;GB0002374006;68.0;32.10;34.72;0.00;2'148.08;EUR;2'148.08;2'148.42;EUR
12-05-2020 16:04:57;00000000;Forex-Gutschrift;;;;1.0;8.20;0.00;0.00;8.20;USD;8.20;2.11;USD
12-05-2020 16:04:57;00000000;Forex-Belastung;;;;1.0;8.00;0.00;0.00;-8.00;CHF;-8.00;217.80;CHF
12-05-2020 16:04:46;00000000;Forex-Gutschrift;;;;1.0;16.16;0.00;0.00;16.16;USD;16.16;-6.09;USD
12-05-2020 16:04:46;00000000;Forex-Belastung;;;;1.0;15.00;0.00;0.00;-15.00;EUR;-15.00;0.34;EUR
12-05-2020 16:04:32;00000000;Forex-Gutschrift;;;;1.0;75.40;0.00;0.00;75.40;USD;75.40;-22.25;USD
12-05-2020 16:04:32;00000000;Forex-Belastung;;;;1.0;70.00;0.00;0.00;-70.00;EUR;-70.00;15.34;EUR
12-05-2020 16:04:19;00000000;Forex-Gutschrift;;;;1.0;747.63;0.00;0.00;747.63;USD;747.63;-97.65;USD
12-05-2020 16:04:19;00000000;Forex-Belastung;;;;1.0;730.00;0.00;0.00;-730.00;CHF;-730.00;225.80;CHF
12-05-2020 16:03:41;71317802;Kauf;TLT;ISHARES 20 PLS YEAR TREASURY B;US4642874329;5.0;163.64;27.08;0.00;-845.28;USD;-845.28;-845.28;USD
12-05-2020 16:02:54;71317771;Verkauf;BB;BLACKBERRY ORD;CA09228F1036;73.0;6.36;0.70;0.00;463.54;CAD;317.00;955.80;CHF
12-05-2020 16:02:53;71317771;Verkauf;BB;BLACKBERRY ORD;CA09228F1036;100.0;6.36;25.95;0.00;610.07;CAD;417.20;638.80;CHF
12-05-2020 13:14:38;71310350;Kauf;GUI;DIAGEO ORD;GB0002374006;68.0;33.04;34.82;0.00;-2'281.54;EUR;-2'281.54;85.34;EUR
12-05-2020 11:31:08;00000000;Forex-Gutschrift;;;;1.0;2'364.62;0.00;0.00;2'364.62;EUR;2'364.62;2'366.88;EUR
12-05-2020 11:31:08;00000000;Forex-Belastung;;;;1.0;2'510.00;0.00;0.00;-2'510.00;CHF;-2'510.00;221.60;CHF
11-05-2020 08:56:01;00000000;Vergütung;;;;1.0;2'500.00;0.00;0.00;2'500.00;CHF;2'500.00;2'731.60;CHF
07-05-2020 16:19:45;00000000;Forex-Gutschrift;;;;1.0;18.81;0.00;0.00;18.81;EUR;18.81;2.26;EUR
07-05-2020 16:19:45;00000000;Forex-Belastung;;;;1.0;20.00;0.00;0.00;-20.00;CHF;-20.00;231.60;CHF
07-05-2020 16:19:26;71170178;Verkauf;VFEM;Vanguard EM ETF Dist;IE00B3VVMM84;1.0;47.475;11.90;0.00;35.60;CHF;35.60;251.60;CHF
30-04-2020 22:16:47;00000000;Fx-Gutschrift Comp.;;;;1.0;20.26;0.00;0.00;20.26;CHF;20.26;216.00;CHF
30-04-2020 22:16:47;00000000;Fx-Belastung Comp.;;;;1.0;19.34;0.00;0.00;-19.34;EUR;-19.34;-16.55;EUR
29-04-2020 22:17:03;00000000;Fx-Gutschrift Comp.;;;;1.0;8'136.45;0.00;0.00;8'136.45;USD;8'136.45;0.00;USD
29-04-2020 22:17:03;00000000;Fx-Belastung Comp.;;;;1.0;8'010.06;0.00;0.00;-8'010.06;CHF;-8'010.06;195.74;CHF
29-04-2020 16:43:59;70903906;Kauf;BB;BLACKBERRY ORD;CA09228F1036;73.0;6.12;0.67;0.00;-447.39;CAD;-315.75;8'205.80;CHF
29-04-2020 16:43:58;70903906;Kauf;BB;BLACKBERRY ORD;CA09228F1036;100.0;6.12;25.92;0.00;-637.90;CAD;-450.20;8'521.55;CHF
29-04-2020 16:39:11;70903459;Kauf;AXP;AMERICAN EXPRESS ORD;US0258161092;88.0;92.09;43.01;0.00;-8'146.93;USD;-8'146.93;-8'136.45;USD
29-04-2020 16:38:03;70903390;Verkauf;XMCH;X MSCI CHINA;LU0514695690;500.0;17.584;46.85;0.00;8'745.15;CHF;8'745.15;8'971.75;CHF
28-04-2020 12:41:46;00000000;Forex-Gutschrift;;;;1.0;155.20;0.00;0.00;155.20;CHF;155.20;226.60;CHF
28-04-2020 12:41:46;00000000;Forex-Belastung;;;;1.0;148.00;0.00;0.00;-148.00;EUR;-148.00;2.79;EUR
28-04-2020 12:40:23;70823841;Kauf;VFEM;Vanguard EM ETF Dist;IE00B3VVMM84;3.0;48.27;12.05;0.00;-156.85;CHF;-156.85;71.40;CHF
28-04-2020 07:46:54;00000000;Dividende;XDJP;X NIKKEI 225 ETF;LU0839027447;1.0;140.08;0.00;0.00;140.08;EUR;140.08;150.79;EUR
27-04-2020 18:20:39;00000000;Forex-Gutschrift;;;;1.0;35.51;0.00;0.00;35.51;USD;35.51;10.48;USD
27-04-2020 18:20:39;00000000;Forex-Belastung;;;;1.0;35.00;0.00;0.00;-35.00;CHF;-35.00;228.25;CHF
27-04-2020 18:20:20;70794013;Kauf;WM;WASTE MANAGEMENT ORD;US94106L1098;1.0;101.19;16.00;0.00;-117.19;USD;-117.19;-25.03;USD
24-04-2020 13:12:07;70723730;Kauf;VFEM;Vanguard EM ETF Dist;IE00B3VVMM84;31.0;47.265;14.05;0.00;-1'479.25;CHF;-1'479.25;263.25;CHF
24-04-2020 01:25:39;00000000;Vergütung;;;;1.0;1'500.00;0.00;0.00;1'500.00;CHF;1'500.00;1'742.50;CHF
23-04-2020 16:59:40;00000000;Forex-Gutschrift;;;;1.0;9'700.45;0.00;0.00;9'700.45;USD;9'700.45;92.16;USD
23-04-2020 16:59:40;00000000;Forex-Belastung;;;;1.0;9'520.00;0.00;0.00;-9'520.00;CHF;-9'520.00;242.50;CHF
23-04-2020 15:44:08;70681657;Kauf;VTI;VANGUARD TOTAL STOCK MARKET ET;US9229087690;6.0;140.89;26.27;0.00;-871.61;USD;-871.61;-9'608.29;USD
23-04-2020 15:30:09;70671439;Kauf;VTI;VANGUARD TOTAL STOCK MARKET ET;US9229087690;62.0;140.22;43.04;0.00;-8'736.68;USD;-8'736.68;-8'736.68;USD
23-04-2020 11:21:48;70671765;Verkauf;SPY5;SPDR S&P 500 UCITS ETF Dist;IE00B6YX5C33;35.0;272.65;48.10;0.00;9'494.65;CHF;9'494.65;9'762.50;CHF
20-04-2020 22:16:45;00000000;Fx-Gutschrift Comp.;;;;1.0;2'773.04;0.00;0.00;2'773.04;USD;2'773.04;0.00;USD
20-04-2020 22:16:45;00000000;Fx-Belastung Comp.;;;;1.0;2'710.34;0.00;0.00;-2'710.34;CHF;-2'710.34;267.85;CHF
20-04-2020 16:36:56;70551713;Kauf;VWRL;Vanguard All World ETF Dist;IE00B3RBWM25;3.0;75.91;12.20;0.00;-239.95;CHF;-239.95;2'978.19;CHF
20-04-2020 15:30:17;70528922;Kauf;WM;WASTE MANAGEMENT ORD;US94106L1098;28.0;98.87;35.00;0.00;-2'803.36;USD;-2'803.36;-2'773.04;USD
20-04-2020 07:56:30;00000000;Vergütung;;;;1.0;3'000.00;0.00;0.00;3'000.00;CHF;3'000.00;3'218.14;CHF
09-04-2020 16:56:27;00000000;Forex-Gutschrift;;;;1.0;90.58;0.00;0.00;90.58;EUR;90.58;10.71;EUR
09-04-2020 16:56:27;00000000;Forex-Belastung;;;;1.0;100.00;0.00;0.00;-100.00;USD;-100.00;30.32;USD
09-04-2020 16:56:06;00000000;Forex-Gutschrift;;;;1.0;3'562.66;0.00;0.00;3'562.66;EUR;3'562.66;-79.87;EUR
09-04-2020 16:56:06;00000000;Forex-Belastung;;;;1.0;3'800.00;0.00;0.00;-3'800.00;CHF;-3'800.00;218.14;CHF
09-04-2020 16:50:47;70256887;Kauf;VWRL;Vanguard All World ETF Dist;IE00B3RBWM25;4.0;75.23;12.30;0.00;-313.20;CHF;-313.20;4'018.14;CHF
09-04-2020 16:11:50;70252178;Kauf;XDJP;X NIKKEI 225 ETF;LU0839027447;210.0;17.206;36.87;0.00;-3'650.13;EUR;-3'650.13;-3'642.53;EUR
09-04-2020 15:44:26;70247689;Kauf;SPY5;SPDR S&P 500 UCITS ETF Dist;IE00B6YX5C33;15.0;271.65;39.05;0.00;-4'113.80;CHF;-4'113.80;4'331.34;CHF
08-04-2020 15:58:38;00000000;Dividende;VWRL;Vanguard All World ETF Dist;IE00B3RBWM25;1.0;22.46;0.00;0.00;22.46;USD;22.46;130.32;USD
08-04-2020 15:37:51;00000000;Dividende;VFEM;Vanguard EM ETF Dist;IE00B3VVMM84;1.0;15.12;0.00;0.00;15.12;USD;15.12;107.86;USD
08-04-2020 01:00:42;00000000;Vergütung;;;;1.0;4'000.00;0.00;0.00;4'000.00;CHF;4'000.00;8'445.14;CHF
07-04-2020 01:05:37;00000000;Vergütung;;;;1.0;3'500.00;0.00;0.00;3'500.00;CHF;3'500.00;4'445.14;CHF
06-04-2020 19:44:15;00000000;Forex-Gutschrift;;;;1.0;12'307.49;0.00;0.00;12'307.49;CHF;12'307.49;945.14;CHF
06-04-2020 19:44:15;00000000;Forex-Belastung;;;;1.0;12'700.00;0.00;0.00;-12'700.00;USD;-12'700.00;92.74;USD
06-04-2020 14:55:07;70026584;Kauf;XMCH;X MSCI CHINA;LU0514695690;117.0;16.744;11.80;0.00;-1'970.85;CHF;-1'970.85;-11'362.35;CHF
06-04-2020 13:57:57;70024690;Kauf;VWRL;Vanguard All World ETF Dist;IE00B3RBWM25;35.0;71.00;6.60;0.00;-2'491.60;CHF;-2'491.60;-9'391.50;CHF
06-04-2020 13:56:42;70024651;Kauf;VFEM;Vanguard EM ETF Dist;IE00B3VVMM84;77.0;45.375;8.10;0.00;-3'502.00;CHF;-3'502.00;-6'899.90;CHF
06-04-2020 13:55:24;70024599;Kauf;SPY5;SPDR S&P 500 UCITS ETF Dist;IE00B6YX5C33;20.0;253.10;10.70;0.00;-5'072.70;CHF;-5'072.70;-3'397.90;CHF
06-04-2020 13:37:58;70024083;Kauf;SMMCHA;UBSETF SMIM CHF DIS;CH0111762537;22.0;217.05;6.65;0.00;-4'781.75;CHF;-4'781.75;1'674.80;CHF
01-04-2020 15:38:36;69767840;Berichtigung Börsengeb.;ZM;ZOOM VIDEO COMMUNICATIONS CL A;US98980L1017;1.0;-0.01;0.00;0.00;-0.01;USD;-0.01;12'792.74;USD
01-04-2020 15:33:10;69767840;Verkauf;ZM;ZOOM VIDEO COMMUNICATIONS CL A;US98980L1017;35.0;141.67;8.39;0.00;4'950.06;USD;4'950.06;12'792.75;USD
31-03-2020 16:28:35;00000000;Depotgebühren;;;;1.0;24.78;1.91;0.00;-26.69;CHF;-26.69;6'456.55;CHF
31-03-2020 15:30:47;69785182;Kauf;MSFT;MICROSOFT ORD;US5949181045;59.0;159.42;44.96;0.00;-9'450.74;USD;-9'450.74;7'842.69;USD
31-03-2020 10:59:18;69784928;Kauf;SMMCHA;UBSETF SMIM CHF DIS;CH0111762537;65.0;222.55;24.35;0.00;-14'490.10;CHF;-14'490.10;6'483.24;CHF
27-03-2020 16:18:17;69693926;Kauf;ZM;ZOOM VIDEO COMMUNICATIONS CL A;US98980L1017;35.0;150.00;38.73;0.00;-5'288.73;USD;-5'288.73;17'293.43;USD
26-03-2020 03:50:28;00000000;Vergütung;;;;1.0;3'000.00;0.00;0.00;3'000.00;CHF;3'000.00;20'973.34;CHF
23-03-2020 21:55:25;00000000;Dividende;ROG;ROCHE GS;CH0012032048;1.0;765.00;267.75;0.00;497.25;CHF;497.25;17'973.34;CHF
18-03-2020 18:54:34;69030037;Berichtigung Börsengeb.;TLT;ISHARES 20 PLS YEAR TREASURY B;US4642874329;1.0;-0.01;0.00;0.00;-0.01;USD;-0.01;22'582.16;USD
18-03-2020 18:54:26;69030037;Verkauf;TLT;ISHARES 20 PLS YEAR TREASURY B;US4642874329;58.0;145.00;17.80;0.00;8'392.20;USD;8'392.20;22'582.17;USD
18-03-2020 18:54:26;69030037;Verkauf;TLT;ISHARES 20 PLS YEAR TREASURY B;US4642874329;7.0;145.00;22.86;0.00;992.14;USD;992.14;14'189.97;USD
16-03-2020 14:53:27;69049483;Verkauf;SHOP;SHOPIFY CL A SUB VTG ORD;CA82509L1076;10.0;339.00;6.01;0.00;3'383.99;USD;3'383.99;13'197.83;USD
16-03-2020 09:10:57;69061137;Verkauf;SIKA;SIKA N;CH0418792922;47.0;137.00;7.20;0.00;6'431.80;CHF;6'431.80;17'476.09;CHF
13-03-2020 17:16:27;68911496;Berichtigung Börsengeb.;VTI;VANGUARD TOTAL STOCK MARKET ET;US9229087690;1.0;-0.02;0.00;0.00;-0.02;USD;-0.02;9'813.84;USD
13-03-2020 17:12:13;69030305;Verkauf;AUUSI;UBSETF GOLD USD DIS;CH0106027193;228.0;47.375;12.05;0.00;10'789.45;CHF;10'789.45;11'044.29;CHF
12-03-2020 14:31:10;68911496;Verkauf;VTI;VANGUARD TOTAL STOCK MARKET ET;US9229087690;3.0;129.18;0.58;0.00;386.96;USD;386.96;9'813.86;USD
12-03-2020 14:31:10;68911496;Verkauf;VTI;VANGUARD TOTAL STOCK MARKET ET;US9229087690;73.0;129.18;14.35;0.00;9'415.79;USD;9'415.79;9'426.90;USD
06-03-2020 16:30:14;00000000;Dividende;TLT;ISHARES 20 PLS YEAR TREASURY B;US4642874329;1.0;14.90;4.47;0.00;10.43;USD;10.43;11.11;USD
26-02-2020 17:36:39;00000000;Forex-Gutschrift;;;;1.0;518.44;0.00;0.00;518.44;CHF;518.44;254.84;CHF
26-02-2020 17:36:39;00000000;Forex-Belastung;;;;1.0;536.00;0.00;0.00;-536.00;USD;-536.00;0.68;USD
26-02-2020 16:48:06;68203338;Kauf;VFEM;Vanguard EM ETF Dist;IE00B3VVMM84;8.0;56.45;12.55;0.00;-464.15;CHF;-464.15;-263.60;CHF
26-02-2020 16:47:17;68203279;Kauf;SMMCHA;UBSETF SMIM CHF DIS;CH0111762537;11.0;272.85;14.10;0.00;-3'015.45;CHF;-3'015.45;200.55;CHF
26-02-2020 02:40:28;00000000;Vergütung;;;;1.0;3'000.00;0.00;0.00;3'000.00;CHF;3'000.00;3'216.00;CHF
25-02-2020 22:16:20;00000000;Fx-Gutschrift Comp.;;;;1.0;8'857.28;0.00;0.00;8'857.28;CHF;8'857.28;216.00;CHF
25-02-2020 22:16:20;00000000;Fx-Belastung Comp.;;;;1.0;9'161.89;0.00;0.00;-9'161.89;USD;-9'161.89;536.68;USD
25-02-2020 15:30:41;68130641;Kauf;SHOP;SHOPIFY CL A SUB VTG ORD;CA82509L1076;2.0;500.00;1.50;0.00;-1'001.50;USD;-1'001.50;9'698.57;USD
25-02-2020 15:30:40;68130641;Kauf;SHOP;SHOPIFY CL A SUB VTG ORD;CA82509L1076;3.0;500.00;2.25;0.00;-1'502.25;USD;-1'502.25;10'700.07;USD
25-02-2020 15:30:40;68130641;Kauf;SHOP;SHOPIFY CL A SUB VTG ORD;CA82509L1076;3.0;500.00;7.25;0.00;-1'507.25;USD;-1'507.25;12'202.32;USD
25-02-2020 15:30:40;68130641;Kauf;SHOP;SHOPIFY CL A SUB VTG ORD;CA82509L1076;2.0;500.00;27.35;0.00;-1'027.35;USD;-1'027.35;13'709.57;USD
25-02-2020 09:14:29;68130280;Kauf;SIKA;SIKA N;CH0418792922;47.0;187.70;39.00;0.00;-8'860.90;CHF;-8'860.90;-8'641.28;CHF
24-02-2020 15:56:13;67993765;Berichtigung Börsengeb.;AAPL;APPLE ORD;US0378331005;1.0;-0.02;0.00;0.00;-0.02;USD;-0.02;14'736.92;USD
24-02-2020 15:37:49;67993765;Verkauf;AAPL;APPLE ORD;US0378331005;44.0;300.00;50.07;0.00;13'149.93;USD;13'149.93;14'736.94;USD
24-02-2020 15:37:49;67993765;Verkauf;AAPL;APPLE ORD;US0378331005;5.0;300.00;28.13;0.00;1'471.87;USD;1'471.87;1'587.01;USD
13-02-2020 17:43:51;00000000;Dividende;AAPL;APPLE ORD;US0378331005;1.0;37.73;11.32;0.00;26.41;USD;26.41;115.14;USD
07-02-2020 07:47:09;00000000;Dividende;TLT;ISHARES 20 PLS YEAR TREASURY B;US4642874329;1.0;15.73;4.72;0.00;11.01;USD;11.01;88.73;USD
01-01-2020 12:23:33;00000000;Zins;;;;1.0;0.01;0.00;0.00;-0.01;CHF;-0.01;219.62;CHF
01-01-2020 12:07:36;00000000;Zins;;;;1.0;0.02;0.00;0.00;0.02;USD;0.02;77.72;USD
31-12-2019 11:55:30;00000000;Depotgebühren;;;;1.0;23.15;1.78;0.00;-24.93;CHF;-24.93;219.63;CHF
30-12-2019 15:02:27;00000000;Dividende;VTI;VANGUARD TOTAL STOCK MARKET ET;US9229087690;1.0;67.30;20.19;0.00;47.11;USD;47.11;77.70;USD
30-12-2019 13:59:35;00000000;Dividende;VFEM;Vanguard EM ETF Dist;IE00B3VVMM84;1.0;10.33;0.00;0.00;10.33;USD;10.33;30.59;USD
30-12-2019 13:58:20;00000000;Dividende;VWRL;Vanguard All World ETF Dist;IE00B3RBWM25;1.0;16.35;0.00;0.00;16.35;USD;16.35;20.26;USD
27-12-2019 10:48:15;00000000;Forex-Gutschrift;;;;1.0;53.86;0.00;0.00;53.86;CHF;53.86;244.56;CHF
27-12-2019 10:48:15;00000000;Forex-Belastung;;;;1.0;50.00;0.00;0.00;-50.00;EUR;-50.00;7.60;EUR
27-12-2019 10:48:03;00000000;Forex-Gutschrift;;;;1.0;174.15;0.00;0.00;174.15;CHF;174.15;190.70;CHF
27-12-2019 10:48:03;00000000;Forex-Belastung;;;;1.0;180.00;0.00;0.00;-180.00;USD;-180.00;3.91;USD
27-12-2019 09:01:48;66906096;Kauf;XMCH;X MSCI CHINA;LU0514695690;10.0;18.73;12.15;0.00;-199.45;CHF;-199.45;16.55;CHF
26-12-2019 09:08:42;00000000;Dividende;TLT;ISHARES 20 PLS YEAR TREASURY B;US4642874329;1.0;14.15;4.25;0.00;9.90;USD;9.90;183.91;USD
13-12-2019 22:16:03;00000000;Fx-Gutschrift Comp.;;;;1.0;1'944.16;0.00;0.00;1'944.16;CHF;1'944.16;216.00;CHF
13-12-2019 22:16:03;00000000;Fx-Belastung Comp.;;;;1.0;1'994.35;0.00;0.00;-1'994.35;USD;-1'994.35;174.01;USD
13-12-2019 16:46:17;66739842;Kauf;XMCH;X MSCI CHINA;LU0514695690;110.0;18.002;14.80;0.00;-1'995.00;CHF;-1'995.00;-1'728.16;CHF
13-12-2019 16:45:18;66739485;Verkauf;IBTM;iSh $ TreasBnd 7-10 USD Dis;IE00B1FZS798;10.0;203.15;14.93;0.00;2'016.57;USD;2'016.57;2'168.36;USD
06-12-2019 10:57:54;00000000;Dividende;TLT;ISHARES 20 PLS YEAR TREASURY B;US4642874329;1.0;15.63;4.69;0.00;10.94;USD;10.94;151.79;USD
27-11-2019 14:47:30;00000000;Dividende;IBTM;iSh $ TreasBnd 7-10 USD Dis;IE00B1FZS798;1.0;24.72;0.00;0.00;24.72;USD;24.72;140.85;USD
20-11-2019 17:45:45;00000000;Forex-Gutschrift;;;;1.0;2'255.35;0.00;0.00;2'255.35;EUR;2'255.35;57.60;EUR
20-11-2019 17:45:45;00000000;Forex-Belastung;;;;1.0;2'500.00;0.00;0.00;-2'500.00;CHF;-2'500.00;266.84;CHF
20-11-2019 17:45:06;66349369;Kauf;XDJP;X NIKKEI 225 ETF;LU0839027447;108.0;20.005;37.21;0.00;-2'197.75;EUR;-2'197.75;-2'197.75;EUR
15-11-2019 09:05:40;00000000;Dividende;AAPL;APPLE ORD;US0378331005;1.0;37.73;11.32;0.00;26.41;USD;26.41;116.13;USD
08-11-2019 08:25:30;00000000;Vergütung;;;;1.0;2'500.00;0.00;0.00;2'500.00;CHF;2'500.00;2'766.84;CHF
07-11-2019 10:28:54;00000000;Dividende;TLT;ISHARES 20 PLS YEAR TREASURY B;US4642874329;1.0;15.97;4.79;0.00;11.18;USD;11.18;89.72;USD
28-10-2019 09:25:42;00000000;Split;AUUSI;UBSETF GOLD USD DIS;CH0106027193;228.0;0;0.00;0.00;-;CHF;-;0.00;CHF
28-10-2019 09:25:42;00000000;Split;AUUSI;UBSETF GOLD USD DIS;CH0106027193;-76.0;0;0.00;0.00;-;CHF;-;0.00;CHF
09-10-2019 12:37:03;00000000;Dividende;VWRL;Vanguard All World ETF Dist;IE00B3RBWM25;1.0;22.88;0.00;0.00;22.88;USD;22.88;78.54;USD
09-10-2019 12:35:32;00000000;Dividende;VFEM;Vanguard EM ETF Dist;IE00B3VVMM84;1.0;44.28;0.00;0.00;44.28;USD;44.28;55.66;USD
08-10-2019 12:07:20;00000000;Dividende;TLT;ISHARES 20 PLS YEAR TREASURY B;US4642874329;1.0;16.26;4.88;0.00;11.38;USD;11.38;11.38;USD
04-10-2019 15:27:42;65623953;Kauf;XMCH;X MSCI CHINA;LU0514695690;20.0;16.44;12.35;0.00;-341.15;CHF;-341.15;266.84;CHF
01-10-2019 22:16:24;00000000;Fx-Gutschrift Comp.;;;;1.0;2'083.76;0.00;0.00;2'083.76;USD;2'083.76;0.00;USD
01-10-2019 22:16:24;00000000;Fx-Belastung Comp.;;;;1.0;2'087.71;0.00;0.00;-2'087.71;CHF;-2'087.71;607.99;CHF
01-10-2019 09:00:46;65553379;Kauf;IBTM;iSh $ TreasBnd 7-10 USD Dis;IE00B1FZS798;10.0;207.40;14.96;0.00;-2'088.96;USD;-2'088.96;-2'083.76;USD
30-09-2019 11:08:27;00000000;Depotgebühren;;;;1.0;18.85;1.45;0.00;-20.30;CHF;-20.30;2'695.70;CHF
30-09-2019 08:11:14;00000000;Vergütung;;;;1.0;2'500.00;0.00;0.00;2'500.00;CHF;2'500.00;2'716.00;CHF
27-09-2019 22:16:18;00000000;Fx-Gutschrift Comp.;;;;1.0;5'594.75;0.00;0.00;5'594.75;CHF;5'594.75;216.00;CHF
27-09-2019 22:16:18;00000000;Fx-Belastung Comp.;;;;1.0;5'700.36;0.00;0.00;-5'700.36;USD;-5'700.36;5.20;USD
27-09-2019 09:06:30;65511959;Kauf;XMCH;X MSCI CHINA;LU0514695690;38.0;16.58;12.80;0.00;-642.85;CHF;-642.85;-5'378.75;CHF
27-09-2019 09:01:33;65509642;Kauf;AUUSI;UBSETF GOLD USD DIS;CH0106027193;34.0;145.18;15.80;0.00;-4'951.90;CHF;-4'951.90;-4'735.90;CHF
26-09-2019 22:16:15;00000000;Fx-Gutschrift Comp.;;;;1.0;99.05;0.00;0.00;99.05;CHF;99.05;216.00;CHF
26-09-2019 22:16:15;00000000;Fx-Belastung Comp.;;;;1.0;100.65;0.00;0.00;-100.65;USD;-100.65;5'705.56;USD
26-09-2019 20:59:13;65509252;Verkauf;NET;CLOUDFLARE CL A ORD;US18915M1071;300.0;19.06;39.55;0.00;5'678.45;USD;5'678.45;5'806.21;USD
26-09-2019 11:08:55;65498531;Kauf;XMCH;X MSCI CHINA;LU0514695690;12.0;16.628;12.15;0.00;-211.70;CHF;-211.70;116.95;CHF
24-09-2019 22:16:10;00000000;Fx-Gutschrift Comp.;;;;1.0;2'177.80;0.00;0.00;2'177.80;EUR;2'177.80;0.00;EUR
24-09-2019 22:16:10;00000000;Fx-Belastung Comp.;;;;1.0;2'387.35;0.00;0.00;-2'387.35;CHF;-2'387.35;328.65;CHF
24-09-2019 11:18:03;65458724;Kauf;XDJP;X NIKKEI 225 ETF;LU0839027447;114.0;19.24;34.74;0.00;-2'228.10;EUR;-2'228.10;-2'177.80;EUR
24-09-2019 10:35:23;00000000;Vergütung;;;;1.0;2'500.00;0.00;0.00;2'500.00;CHF;2'500.00;2'716.00;CHF
20-09-2019 15:08:33;00000000;Dividende;NVDA;NVIDIA ORD;US67066G1040;1.0;3.04;0.92;0.00;2.12;USD;2.12;127.76;USD
19-09-2019 12:46:17;00000000;Dividende;VTI;VANGUARD TOTAL STOCK MARKET ET;US9229087690;1.0;53.20;15.96;0.00;37.24;USD;37.24;125.64;USD
17-09-2019 22:16:05;00000000;Fx-Gutschrift Comp.;;;;1.0;1'195.35;0.00;0.00;1'195.35;CHF;1'195.35;216.00;CHF
17-09-2019 22:16:05;00000000;Fx-Belastung Comp.;;;;1.0;1'215.24;0.00;0.00;-1'215.24;USD;-1'215.24;88.40;USD
17-09-2019 09:01:55;65358205;Kauf;VFEM;Vanguard EM ETF Dist;IE00B3VVMM84;22.0;56.28;13.70;0.00;-1'251.85;CHF;-1'251.85;-979.35;CHF
16-09-2019 20:23:45;65358182;Kauf;NET;CLOUDFLARE CL A ORD;US18915M1071;100.0;19.32;2.89;0.00;-1'934.89;USD;-1'934.89;1'303.64;USD
16-09-2019 20:23:44;65358182;Kauf;NET;CLOUDFLARE CL A ORD;US18915M1071;100.0;19.32;7.90;0.00;-1'939.90;USD;-1'939.90;3'238.53;USD
16-09-2019 20:23:44;65358182;Kauf;NET;CLOUDFLARE CL A ORD;US18915M1071;100.0;19.32;27.90;0.00;-1'959.90;USD;-1'959.90;5'178.43;USD
16-09-2019 20:22:51;65358167;Verkauf;INMD;INMODE ORD;IL0011595993;265.0;27.05;41.75;0.00;7'126.50;USD;7'126.50;7'138.33;USD
10-09-2019 14:11:50;00000000;Dividende;TLT;ISHARES 20 PLS YEAR TREASURY B;US4642874329;1.0;16.91;5.08;0.00;11.83;USD;11.83;11.83;USD
09-09-2019 13:31:25;00000000;Capital Gain;SMMCHA;UBSETF SMIM CHF DIS;CH0111762537;1.0;27.72;0.00;0.00;27.72;CHF;27.72;272.50;CHF
09-09-2019 11:37:07;00000000;Dividende;SMMCHA;UBSETF SMIM CHF DIS;CH0111762537;1.0;44.28;15.50;0.00;28.78;CHF;28.78;244.78;CHF
04-09-2019 22:16:16;00000000;Fx-Gutschrift Comp.;;;;1.0;4.31;0.00;0.00;4.31;CHF;4.31;216.00;CHF
04-09-2019 22:16:16;00000000;Fx-Belastung Comp.;;;;1.0;4.02;0.00;0.00;-4.02;EUR;-4.02;50.30;EUR
04-09-2019 22:16:16;00000000;Fx-Gutschrift Comp.;;;;1.0;3'094.69;0.00;0.00;3'094.69;CHF;3'094.69;211.69;CHF
04-09-2019 22:16:16;00000000;Fx-Belastung Comp.;;;;1.0;3'185.45;0.00;0.00;-3'185.45;USD;-3'185.45;0.00;USD
04-09-2019 16:14:21;65176012;Kauf;XMCH;X MSCI CHINA;LU0514695690;193.0;16.492;16.60;0.00;-3'199.55;CHF;-3'199.55;-2'883.00;CHF
04-09-2019 15:30:04;65172749;Verkauf;NVDA;NVIDIA ORD;US67066G1040;19.0;166.61;34.82;0.00;3'130.77;USD;3'130.77;3'185.45;USD
04-09-2019 11:30:30;00000000;Forex-Gutschrift;;;;1.0;2'190.94;0.00;0.00;2'190.94;EUR;2'190.94;54.32;EUR
04-09-2019 11:30:30;00000000;Forex-Belastung;;;;1.0;2'400.00;0.00;0.00;-2'400.00;CHF;-2'400.00;316.55;CHF
04-09-2019 11:29:23;65170809;Kauf;XDJP;X NIKKEI 225 ETF;LU0839027447;115.0;18.30;37.13;0.00;-2'141.63;EUR;-2'141.63;-2'136.62;EUR
30-08-2019 07:50:30;00000000;Vergütung;;;;1.0;2'500.00;0.00;0.00;2'500.00;CHF;2'500.00;2'716.55;CHF
21-08-2019 16:27:13;00000000;Forex-Gutschrift;;;;1.0;5'493.54;0.00;0.00;5'493.54;USD;5'493.54;54.68;USD
21-08-2019 16:27:13;00000000;Forex-Belastung;;;;1.0;5'439.00;0.00;0.00;-5'439.00;CHF;-5'439.00;216.55;CHF
21-08-2019 16:26:19;64994414;Kauf;INMD;INMODE ORD;IL0011595993;230.0;23.58;38.99;0.00;-5'462.39;USD;-5'462.39;-5'438.86;USD
21-08-2019 16:25:08;64994374;Verkauf;ROG;ROCHE GS;CH0012032048;20.0;273.80;36.45;0.00;5'439.55;CHF;5'439.55;5'655.55;CHF
16-08-2019 19:54:21;64944223;Kauf;INMD;INMODE ORD;IL0011595993;35.0;19.40;26.87;0.00;-705.87;USD;-705.87;23.53;USD
16-08-2019 18:44:17;64943771;Verkauf;BLUE;BLUEBIRD BIO ORD;US09609G1004;6.0;119.51;26.09;0.00;690.97;USD;690.97;729.40;USD
15-08-2019 14:10:40;00000000;Dividende;AAPL;APPLE ORD;US0378331005;1.0;37.73;11.32;0.00;26.41;USD;26.41;38.43;USD
07-08-2019 13:16:12;00000000;Dividende;TLT;ISHARES 20 PLS YEAR TREASURY B;US4642874329;1.0;17.16;5.14;0.00;12.02;USD;12.02;12.02;USD
06-08-2019 22:16:12;00000000;Fx-Gutschrift Comp.;;;;1.0;9.12;0.00;0.00;9.12;USD;9.12;0.00;USD
06-08-2019 22:16:12;00000000;Fx-Belastung Comp.;;;;1.0;8.22;0.00;0.00;-8.22;EUR;-8.22;5.01;EUR
06-08-2019 22:16:12;00000000;Fx-Gutschrift Comp.;;;;1.0;35.84;0.00;0.00;35.84;USD;35.84;-9.12;USD
06-08-2019 22:16:12;00000000;Fx-Belastung Comp.;;;;1.0;35.33;0.00;0.00;-35.33;CHF;-35.33;216.00;CHF
06-08-2019 20:01:15;00000000;Forex-Gutschrift;;;;1.0;2'535.03;0.00;0.00;2'535.03;USD;2'535.03;-44.96;USD
06-08-2019 20:01:15;00000000;Forex-Belastung;;;;1.0;2'500.00;0.00;0.00;-2'500.00;CHF;-2'500.00;251.33;CHF
06-08-2019 20:00:20;64746785;Kauf;AAPL;APPLE ORD;US0378331005;13.0;196.4599;34.68;0.00;-2'588.66;USD;-2'588.66;-2'579.99;USD
31-07-2019 04:00:31;00000000;Vergütung;;;;1.0;2'500.00;0.00;0.00;2'500.00;CHF;2'500.00;2'751.33;CHF
10-07-2019 15:00:22;00000000;Forex-Gutschrift;;;;1.0;48.99;0.00;0.00;48.99;CHF;48.99;251.33;CHF
10-07-2019 15:00:22;00000000;Forex-Belastung;;;;1.0;50.00;0.00;0.00;-50.00;USD;-50.00;8.67;USD
10-07-2019 15:00:11;00000000;Forex-Gutschrift;;;;1.0;187.39;0.00;0.00;187.39;CHF;187.39;202.34;CHF
10-07-2019 15:00:11;00000000;Forex-Belastung;;;;1.0;170.00;0.00;0.00;-170.00;EUR;-170.00;13.23;EUR
10-07-2019 14:59:40;64349216;Kauf;VFEM;Vanguard EM ETF Dist;IE00B3VVMM84;12.0;57.61;12.90;0.00;-704.20;CHF;-704.20;14.95;CHF
10-07-2019 13:30:45;00000000;Dividende;VWRL;Vanguard All World ETF Dist;IE00B3RBWM25;1.0;35.59;0.00;0.00;35.59;USD;35.59;58.67;USD
10-07-2019 12:51:01;00000000;Dividende;VFEM;Vanguard EM ETF Dist;IE00B3VVMM84;1.0;16.64;0.00;0.00;16.64;USD;16.64;23.08;USD
10-07-2019 09:02:05;64337145;Verkauf;PAL;PANTAFLIX ORD;DE000A12UPJ7;70.0;3.00;26.77;0.00;183.23;EUR;183.23;183.23;EUR
09-07-2019 03:40:18;00000000;Vergütung;;;;1.0;500.00;0.00;0.00;500.00;CHF;500.00;719.15;CHF
08-07-2019 22:16:14;00000000;Fx-Gutschrift Comp.;;;;1.0;5.80;0.00;0.00;5.80;EUR;5.80;0.00;EUR
08-07-2019 22:16:14;00000000;Fx-Belastung Comp.;;;;1.0;6.56;0.00;0.00;-6.56;USD;-6.56;6.44;USD
08-07-2019 16:18:04;00000000;Dividende;TLT;ISHARES 20 PLS YEAR TREASURY B;US4642874329;1.0;16.91;5.08;0.00;11.83;USD;11.83;13.00;USD
08-07-2019 12:50:00;00000000;Forex-Gutschrift;;;;1.0;70.64;0.00;0.00;70.64;EUR;70.64;-5.80;EUR
08-07-2019 12:50:00;00000000;Forex-Belastung;;;;1.0;80.00;0.00;0.00;-80.00;USD;-80.00;1.17;USD
08-07-2019 12:49:44;00000000;Forex-Gutschrift;;;;1.0;169.14;0.00;0.00;169.14;EUR;169.14;-76.44;EUR
08-07-2019 12:49:44;00000000;Forex-Belastung;;;;1.0;190.00;0.00;0.00;-190.00;CHF;-190.00;219.15;CHF
08-07-2019 12:48:40;64299414;Kauf;PAL;PANTAFLIX ORD;DE000A12UPJ7;70.0;3.105;28.23;0.00;-245.58;EUR;-245.58;-245.58;EUR
03-07-2019 13:58:50;64255278;Kauf;AUUSI;UBSETF GOLD USD DIS;CH0106027193;21.0;136.08;14.00;0.00;-2'871.70;CHF;-2'871.70;409.15;CHF
03-07-2019 00:50:18;00000000;Vergütung;;;;1.0;3'000.00;0.00;0.00;3'000.00;CHF;3'000.00;3'280.85;CHF
28-06-2019 14:09:03;00000000;Depotgebühren;;;;1.0;17.11;1.32;0.00;-18.43;CHF;-18.43;280.85;CHF
24-06-2019 18:12:31;00000000;Dividende;NVDA;NVIDIA ORD;US67066G1040;1.0;3.04;0.92;0.00;2.12;USD;2.12;81.17;USD
21-06-2019 06:17:08;00000000;Dividende;VTI;VANGUARD TOTAL STOCK MARKET ET;US9229087690;1.0;41.59;12.48;0.00;29.11;USD;29.11;79.05;USD
07-06-2019 12:08:46;00000000;Dividende;TLT;ISHARES 20 PLS YEAR TREASURY B;US4642874329;1.0;17.52;5.26;0.00;12.26;USD;12.26;49.94;USD
17-05-2019 11:28:25;00000000;Dividende;AAPL;APPLE ORD;US0378331005;1.0;27.72;8.32;0.00;19.40;USD;19.40;37.68;USD
15-05-2019 19:43:09;00000000;Forex-Gutschrift;;;;1.0;785.39;0.00;0.00;785.39;USD;785.39;18.28;USD
15-05-2019 19:43:09;00000000;Forex-Belastung;;;;1.0;800.00;0.00;0.00;-800.00;CHF;-800.00;299.28;CHF
15-05-2019 15:30:10;63531311;Kauf;BLUE;BLUEBIRD BIO ORD;US09609G1004;6.0;123.50;26.11;0.00;-767.11;USD;-767.11;-767.11;USD
14-05-2019 22:16:28;00000000;Fx-Gutschrift Comp.;;;;1.0;1'864.88;0.00;0.00;1'864.88;USD;1'864.88;0.00;USD
14-05-2019 22:16:28;00000000;Fx-Belastung Comp.;;;;1.0;1'899.56;0.00;0.00;-1'899.56;CHF;-1'899.56;1'099.28;CHF
14-05-2019 15:30:13;63513481;Kauf;TLT;ISHARES 20 PLS YEAR TREASURY B;US4642874329;15.0;125.51;28.67;0.00;-1'911.32;USD;-1'911.32;-1'864.88;USD
13-05-2019 09:39:45;63479562;Verkauf;SRAIL;STADLER RAIL N;CH0002178181;1.0;41.88;11.40;0.00;30.50;CHF;30.50;2'998.84;CHF
13-05-2019 09:01:46;63475643;Kauf;AUUSI;UBSETF GOLD USD DIS;CH0106027193;6.0;126.24;12.40;0.00;-769.85;CHF;-769.85;2'968.34;CHF
08-05-2019 09:10:30;00000000;Vergütung;;;;1.0;3'500.00;0.00;0.00;3'500.00;CHF;3'500.00;3'738.19;CHF
07-05-2019 10:46:32;00000000;Dividende;TLT;ISHARES 20 PLS YEAR TREASURY B;US4642874329;1.0;12.95;3.88;0.00;9.07;USD;9.07;46.44;USD
12-04-2019 09:11:05;63056815;Kauf;SRAIL;STADLER RAIL N;CH0002178181;1.0;41.385;10.90;0.00;-52.30;CHF;-52.30;238.19;CHF
10-04-2019 17:23:38;00000000;Dividende;VWRL;Vanguard All World ETF Dist;IE00B3RBWM25;1.0;21.55;0.00;0.00;21.55;USD;21.55;37.37;USD
10-04-2019 16:00:09;00000000;Dividende;VFEM;Vanguard EM ETF Dist;IE00B3VVMM84;1.0;5.43;0.00;0.00;5.43;USD;5.43;15.82;USD
05-04-2019 14:17:25;00000000;Dividende;TLT;ISHARES 20 PLS YEAR TREASURY B;US4642874329;1.0;13.91;4.18;0.00;9.73;USD;9.73;10.39;USD
01-04-2019 12:48:13;00000000;Forex-Gutschrift;;;;1.0;90.65;0.00;0.00;90.65;CHF;90.65;290.49;CHF
01-04-2019 12:48:13;00000000;Forex-Belastung;;;;1.0;92.00;0.00;0.00;-92.00;USD;-92.00;0.66;USD
01-04-2019 11:47:20;00000000;Depotgebühren;;;;1.0;15.00;1.16;0.00;-16.16;CHF;-16.16;199.84;CHF
28-03-2019 13:26:46;00000000;Dividende;VTI;VANGUARD TOTAL STOCK MARKET ET;US9229087690;1.0;58.67;17.60;0.00;41.07;USD;41.07;92.66;USD
22-03-2019 10:53:08;00000000;Dividende;NVDA;NVIDIA ORD;US67066G1040;1.0;3.04;0.92;0.00;2.12;USD;2.12;51.59;USD
19-03-2019 22:16:01;00000000;Fx-Gutschrift Comp.;;;;1.0;4.35;0.00;0.00;4.35;CHF;4.35;216.00;CHF
19-03-2019 22:16:01;00000000;Fx-Belastung Comp.;;;;1.0;4.39;0.00;0.00;-4.39;USD;-4.39;49.47;USD
19-03-2019 10:42:16;62686398;Kauf;SMMCHA;UBSETF SMIM CHF DIS;CH0111762537;4.0;247.20;12.60;0.00;-1'001.40;CHF;-1'001.40;211.65;CHF
19-03-2019 10:24:22;62685879;Kauf;SMMCHA;UBSETF SMIM CHF DIS;CH0111762537;8.0;247.20;13.35;0.00;-1'990.95;CHF;-1'990.95;1'213.05;CHF
19-03-2019 00:00:27;00000000;Vergütung;;;;1.0;2'988.00;0.00;0.00;2'988.00;CHF;2'988.00;3'204.00;CHF
13-03-2019 22:15:55;00000000;Forex-Gutschrift;;;;1.0;28.30;0.00;0.00;28.30;CHF;28.30;216.00;CHF
13-03-2019 22:15:55;00000000;Forex-Belastung;;;;1.0;28.47;0.00;0.00;-28.47;USD;-28.47;53.86;USD
13-03-2019 10:21:08;62589468;Kauf;VFEM;Vanguard EM ETF Dist;IE00B3VVMM84;35.0;57.58;13.00;0.00;-2'028.30;CHF;-2'028.30;187.70;CHF
13-03-2019 00:50:15;00000000;Vergütung;;;;1.0;2'000.00;0.00;0.00;2'000.00;CHF;2'000.00;2'216.00;CHF
12-03-2019 22:16:04;00000000;Forex-Gutschrift;;;;1.0;46.38;0.00;0.00;46.38;CHF;46.38;216.00;CHF
12-03-2019 22:16:04;00000000;Forex-Belastung;;;;1.0;46.46;0.00;0.00;-46.46;USD;-46.46;82.33;USD
12-03-2019 10:19:55;62574593;Kauf;AUUSI;UBSETF GOLD USD DIS;CH0106027193;5.0;127.36;3.35;0.00;-640.15;CHF;-640.15;169.62;CHF
07-03-2019 12:48:20;00000000;Dividende;ROG;ROCHE GS;CH0012032048;1.0;913.50;319.73;0.00;593.77;CHF;593.77;809.77;CHF
07-03-2019 10:46:47;00000000;Dividende;TLT;ISHARES 20 PLS YEAR TREASURY B;US4642874329;1.0;12.66;3.80;0.00;8.86;USD;8.86;128.79;USD
04-03-2019 22:16:00;00000000;Forex-Gutschrift;;;;1.0;1'227.15;0.00;0.00;1'227.15;CHF;1'227.15;216.00;CHF
04-03-2019 22:16:00;00000000;Forex-Belastung;;;;1.0;1'240.36;0.00;0.00;-1'240.36;USD;-1'240.36;119.93;USD
04-03-2019 15:34:21;62472723;Kauf;AUUSI;UBSETF GOLD USD DIS;CH0106027193;10.0;125.38;3.80;0.00;-1'257.60;CHF;-1'257.60;-1'011.15;CHF
25-02-2019 17:18:34;62374937;Verkauf;KNDI;KANDI TECHNOLOGIES GROUP ORD;US4837091010;160.0;8.52;2.91;0.00;1'360.29;USD;1'360.29;1'360.29;USD
20-02-2019 22:15:54;00000000;Forex-Gutschrift;;;;1.0;1'385.32;0.00;0.00;1'385.32;USD;1'385.32;0.00;USD
20-02-2019 22:15:54;00000000;Forex-Belastung;;;;1.0;1'399.79;0.00;0.00;-1'399.79;CHF;-1'399.79;246.45;CHF
20-02-2019 18:58:52;62320957;Kauf;KNDI;KANDI TECHNOLOGIES GROUP ORD;US4837091010;160.0;8.64;2.92;0.00;-1'385.32;USD;-1'385.32;-1'385.32;USD
15-02-2019 22:15:55;00000000;Forex-Gutschrift;;;;1.0;2'981.81;0.00;0.00;2'981.81;USD;2'981.81;0.00;USD
15-02-2019 22:15:55;00000000;Forex-Belastung;;;;1.0;3'025.00;0.00;0.00;-3'025.00;CHF;-3'025.00;1'646.24;CHF
15-02-2019 18:58:03;62261136;Kauf;NVDA;NVIDIA ORD;US67066G1040;19.0;158.13;5.36;0.00;-3'009.83;USD;-3'009.83;-2'981.81;USD
14-02-2019 14:43:23;00000000;Dividende;AAPL;APPLE ORD;US0378331005;1.0;26.28;7.88;0.00;18.40;USD;18.40;28.02;USD
08-02-2019 12:32:44;62149520;Kauf;VWRL;Vanguard All World ETF Dist;IE00B3RBWM25;55.0;80.73;18.65;0.00;-4'458.80;CHF;-4'458.80;4'671.24;CHF
08-02-2019 07:40:36;00000000;Vergütung;;;;1.0;4'410.27;0.00;0.00;4'410.27;CHF;4'410.27;9'130.04;CHF
08-02-2019 07:40:35;00000000;Vergütung;;;;1.0;4'500.00;0.00;0.00;4'500.00;CHF;4'500.00;4'719.77;CHF
07-02-2019 10:32:08;00000000;Dividende;TLT;ISHARES 20 PLS YEAR TREASURY B;US4642874329;1.0;13.74;4.12;0.00;9.62;USD;9.62;9.62;USD
25-01-2019 21:15:58;00000000;Forex-Gutschrift;;;;1.0;7'680.17;0.00;0.00;7'680.17;USD;7'680.17;0.00;USD
25-01-2019 21:15:58;00000000;Forex-Belastung;;;;1.0;7'701.41;0.00;0.00;-7'701.41;CHF;-7'701.41;219.77;CHF
25-01-2019 16:29:37;61961880;Kauf;AAPL;APPLE ORD;US0378331005;11.0;156.76;27.59;0.00;-1'751.95;USD;-1'751.95;-7'680.17;USD
25-01-2019 16:21:06;61961597;Kauf;TLT;ISHARES 20 PLS YEAR TREASURY B;US4642874329;50.0;120.44;39.88;0.00;-6'061.88;USD;-6'061.88;-5'928.22;USD
25-01-2019 09:00:22;61947875;Verkauf;ROG;ROCHE GS;CH0012032048;30.0;257.65;38.25;0.00;7'691.25;CHF;7'691.25;7'921.18;CHF
04-01-2019 19:17:58;61668852;Kauf;VTI;VANGUARD TOTAL STOCK MARKET ET;US9229087690;49.0;129.12;39.49;0.00;-6'366.37;USD;-6'366.37;133.66;USD
04-01-2019 19:16:58;61668827;Verkauf;GOOG;ALPHABET CL C ORD;US02079K1079;6.0;1'065.6886;39.67;0.00;6'354.46;USD;6'354.46;6'500.03;USD
31-12-2018 11:43:43;00000000;Depotgebühren;;;;1.0;15.00;1.16;0.00;-16.16;CHF;-16.16;229.93;CHF
28-12-2018 16:28:42;61553734;Kauf;VTI;VANGUARD TOTAL STOCK MARKET ET;US9229087690;27.0;126.22;35.11;0.00;-3'443.05;USD;-3'443.05;145.57;USD
21-12-2018 11:42:13;00000000;Dividende;NVDA;NVIDIA ORD;US67066G1040;1.0;3.84;1.16;0.00;2.68;USD;2.68;3'588.62;USD
13-12-2018 15:30:09;61337000;Verkauf;NVDA;NVIDIA ORD;US67066G1040;24.0;150.53;35.47;0.00;3'577.25;USD;3'577.25;3'585.94;USD
15-11-2018 16:43:40;00000000;Dividende;AAPL;APPLE ORD;US0378331005;1.0;12.41;3.72;0.00;8.69;USD;8.69;8.69;USD
08-11-2018 21:15:51;00000000;Forex-Gutschrift;;;;1.0;1'706.29;0.00;0.00;1'706.29;USD;1'706.29;0.00;USD
08-11-2018 21:15:51;00000000;Forex-Belastung;;;;1.0;1'733.43;0.00;0.00;-1'733.43;CHF;-1'733.43;246.09;CHF
08-11-2018 15:30:21;60785009;Kauf;AAPL;APPLE ORD;US0378331005;8.0;209.74;28.37;0.00;-1'706.29;USD;-1'706.29;-1'706.29;USD
06-11-2018 09:01:56;60710888;Verkauf;ROG;ROCHE GS;CH0012032048;7.0;245.90;23.65;0.00;1'697.65;CHF;1'697.65;1'979.52;CHF
31-10-2018 21:16:01;00000000;Forex-Gutschrift;;;;1.0;2'546.81;0.00;0.00;2'546.81;USD;2'546.81;0.00;USD
31-10-2018 21:16:01;00000000;Forex-Belastung;;;;1.0;2'590.95;0.00;0.00;-2'590.95;CHF;-2'590.95;281.87;CHF
31-10-2018 15:47:29;60642233;Kauf;NVDA;NVIDIA ORD;US67066G1040;12.0;209.42;33.77;0.00;-2'546.81;USD;-2'546.81;-2'546.81;USD
31-10-2018 10:30:35;00000000;Vergütung;;;;1.0;2'500.00;0.00;0.00;2'500.00;CHF;2'500.00;2'872.82;CHF
04-10-2018 22:15:52;00000000;Forex-Gutschrift;;;;1.0;3'897.91;0.00;0.00;3'897.91;USD;3'897.91;0.00;USD
04-10-2018 22:15:52;00000000;Forex-Belastung;;;;1.0;3'901.23;0.00;0.00;-3'901.23;CHF;-3'901.23;372.82;CHF
04-10-2018 15:39:18;60154111;Kauf;AAPL;APPLE ORD;US0378331005;17.0;230.45;35.88;0.00;-3'953.53;USD;-3'953.53;-3'897.91;USD
04-10-2018 14:17:06;60154097;Verkauf;BABA;Alibaba Grp;US01609W1027;14.0;158.00;36.15;0.00;2'175.85;CHF;2'175.85;4'274.05;CHF
04-10-2018 13:54:06;60153709;Verkauf;SMMCHA;UBSETF SMIM CHF DIS;CH0111762537;7.0;260.80;13.20;0.00;1'812.40;CHF;1'812.40;2'098.20;CHF
28-09-2018 14:38:00;00000000;Depotgebühren;;;;1.0;15.00;1.16;0.00;-16.16;CHF;-16.16;285.80;CHF
21-09-2018 11:52:49;00000000;Dividende;NVDA;NVIDIA ORD;US67066G1040;1.0;1.80;0.54;0.00;1.26;USD;1.26;55.62;USD
05-09-2018 13:51:49;00000000;Dividende;SMMCHA;UBSETF SMIM CHF DIS;CH0111762537;1.0;23.10;8.09;0.00;15.01;CHF;15.01;301.96;CHF
05-09-2018 13:49:34;00000000;Capital Gain;SMMCHA;UBSETF SMIM CHF DIS;CH0111762537;1.0;12.39;0.00;0.00;12.39;CHF;12.39;286.95;CHF
31-07-2018 15:58:39;59262365;Kauf;SMMCHA;UBSETF SMIM CHF DIS;CH0111762537;2.0;275.55;12.25;0.00;-563.35;CHF;-563.35;274.56;CHF
31-07-2018 05:55:33;00000000;Vergütung;;;;1.0;500.00;0.00;0.00;500.00;CHF;500.00;837.91;CHF
09-07-2018 14:22:43;58910361;Kauf;SMMCHA;UBSETF SMIM CHF DIS;CH0111762537;5.0;269.55;12.85;0.00;-1'360.60;CHF;-1'360.60;337.91;CHF
09-07-2018 14:11:58;58910252;Verkauf;ACWI;SPDR MSCI ACWI;IE00B44Z5B48;8.0;127.88;24.40;0.00;998.65;CHF;998.65;1'698.51;CHF
29-06-2018 16:41:00;00000000;Depotgebühren;;;;1.0;15.00;1.16;0.00;-16.16;CHF;-16.16;699.86;CHF
29-06-2018 07:15:39;00000000;Vergütung;;;;1.0;500.00;0.00;0.00;500.00;CHF;500.00;716.02;CHF
15-06-2018 11:47:20;00000000;Dividende;NVDA;NVIDIA ORD;US67066G1040;1.0;1.80;0.54;0.00;1.26;USD;1.26;54.36;USD
14-06-2018 08:55:20;58595709;Titeleingang;ROG;ROCHE GS;CH0012032048;142.0;209.50;0.00;0.00;-;CHF;-;0.00;CHF
01-06-2018 22:15:55;58399915;Fx-Belastung Comp.;;;;1.0;35.71;0.00;0.00;-35.71;USD;-35.71;53.10;USD
01-06-2018 22:15:55;58399915;Fx-Gutschrift Comp.;;;;1.0;34.95;0.00;0.00;34.95;CHF;34.95;216.02;CHF
01-06-2018 16:30:50;58395429;Kauf;ACWI;SPDR MSCI ACWI;IE00B44Z5B48;4.0;127.84;23.60;0.00;-534.95;CHF;-534.95;181.07;CHF
31-05-2018 08:36:36;00000000;Vergütung;;;;1.0;500.00;0.00;0.00;500.00;CHF;500.00;716.02;CHF
15-05-2018 22:16:31;58164550;Fx-Belastung Comp.;;;;1.0;509.36;0.00;0.00;-509.36;USD;-509.36;88.81;USD
15-05-2018 22:16:31;58164550;Fx-Gutschrift Comp.;;;;1.0;505.40;0.00;0.00;505.40;CHF;505.40;216.02;CHF
15-05-2018 09:07:03;58119232;Kauf;ACWI;SPDR MSCI ACWI;IE00B44Z5B48;4.0;130.62;23.65;0.00;-546.15;CHF;-546.15;-289.38;CHF
11-05-2018 18:36:48;58119217;Verkauf;OBSV;OBSEVA ORD;CH0346177709;50.0;12.49;26.33;0.00;598.17;USD;598.17;598.17;USD
08-05-2018 22:16:18;58059466;Fx-Belastung Comp.;;;;1.0;514.12;0.00;0.00;-514.12;CHF;-514.12;256.77;CHF
08-05-2018 22:16:18;58059466;Fx-Gutschrift Comp.;;;;1.0;508.33;0.00;0.00;508.33;USD;508.33;0.00;USD
08-05-2018 21:37:31;58058743;Kauf;OBSV;OBSEVA ORD;CH0346177709;50.0;12.75;26.33;0.00;-663.83;USD;-663.83;-508.33;USD
30-04-2018 09:20:46;00000000;Vergütung;;;;1.0;500.00;0.00;0.00;500.00;CHF;500.00;770.89;CHF
10-04-2018 09:04:24;57644892;Kauf;BABA;Alibaba Grp;US01609W1027;14.0;166.00;36.35;0.00;-2'360.35;CHF;-2'360.35;270.89;CHF
02-04-2018 09:42:29;00000000;Depotgebühren;;;;1.0;15.00;1.16;0.00;-16.16;CHF;-16.16;2'631.24;CHF
29-03-2018 04:35:46;00000000;Vergütung;;;;1.0;500.00;0.00;0.00;500.00;CHF;500.00;2'647.40;CHF
16-03-2018 12:34:53;00000000;Dividende;NVDA;NVIDIA ORD;US67066G1040;1.0;1.80;0.54;0.00;1.26;USD;1.26;155.50;USD
07-03-2018 09:01:48;57103700;Verkauf;VACN;VAT GROUP N;CH0311864901;8.0;150.40;0.90;0.00;1'202.30;CHF;1'202.30;2'147.40;CHF
07-03-2018 09:01:48;57103700;Verkauf;VACN;VAT GROUP N;CH0311864901;5.0;150.40;22.90;0.00;729.10;CHF;729.10;945.10;CHF
06-03-2018 22:16:30;57106960;Fx-Belastung Comp.;;;;1.0;1'660.59;0.00;0.00;-1'660.59;USD;-1'660.59;154.24;USD
06-03-2018 22:16:30;57106960;Fx-Gutschrift Comp.;;;;1.0;1'547.15;0.00;0.00;1'547.15;CHF;1'547.15;216.00;CHF
06-03-2018 14:26:15;57098294;Kauf;VACN;VAT GROUP N;CH0311864901;13.0;152.20;23.85;0.00;-2'002.45;CHF;-2'002.45;-1'331.15;CHF
28-02-2018 19:01:20;57003223;Verkauf;OBSV;OBSEVA ORD;CH0346177709;130.0;14.17;27.27;0.00;1'814.83;USD;1'814.83;1'814.83;USD
27-02-2018 22:16:36;56976862;Fx-Belastung Comp.;;;;1.0;1'527.21;0.00;0.00;-1'527.21;CHF;-1'527.21;671.30;CHF
27-02-2018 22:16:36;56976862;Fx-Gutschrift Comp.;;;;1.0;1'610.67;0.00;0.00;1'610.67;USD;1'610.67;0.00;USD
27-02-2018 16:42:55;56971481;Kauf;OBSV;OBSEVA ORD;CH0346177709;130.0;15.25;27.34;0.00;-2'009.84;USD;-2'009.84;-1'610.67;USD
22-02-2018 15:30:13;56889593;Verkauf;ACIU;AC IMMUNE SA ORD;CH0329023102;38.0;10.93;16.17;0.00;399.17;USD;399.17;399.17;USD
16-02-2018 22:16:12;56813003;Fx-Belastung Comp.;;;;1.0;4'810.07;0.00;0.00;-4'810.07;CHF;-4'810.07;2'198.51;CHF
16-02-2018 22:16:12;56813003;Fx-Gutschrift Comp.;;;;1.0;5'137.10;0.00;0.00;5'137.10;USD;5'137.10;0.00;USD
16-02-2018 15:30:10;56797786;Kauf;GOOG;ALPHABET CL C ORD;US02079K1079;6.0;1'088.41;40.65;0.00;-6'571.11;USD;-6'571.11;-5'137.10;USD
09-02-2018 17:06:57;56678788;Kauf;NVDA;NVIDIA ORD;US67066G1040;12.0;226.73;34.93;0.00;-2'755.69;USD;-2'755.69;1'434.01;USD
06-02-2018 15:35:04;56524896;Verkauf;AMZN;AMAZON COM ORD;US0231351067;2.0;1'390.00;35.08;0.00;2'744.92;USD;2'744.92;4'189.70;USD
06-02-2018 15:34:55;56524900;Verkauf;NVDA;NVIDIA ORD;US67066G1040;7.0;213.70;28.12;0.00;1'467.78;USD;1'467.78;1'444.78;USD
06-02-2018 11:52:46;56523428;Verkauf;PGHN;PARTNERS GROUP N;CH0024608827;10.0;683.00;37.45;0.00;6'792.55;CHF;6'792.55;7'008.58;CHF
22-01-2018 22:16:02;56212689;Fx-Belastung Comp.;;;;1.0;3'079.10;0.00;0.00;-3'079.10;CHF;-3'079.10;216.03;CHF
22-01-2018 22:16:02;56212689;Fx-Gutschrift Comp.;;;;1.0;3'169.52;0.00;0.00;3'169.52;USD;3'169.52;-23.00;USD
22-01-2018 17:10:17;56206388;Kauf;ACIU;AC IMMUNE SA ORD;CH0329023102;38.0;13.25;26.23;0.00;-529.73;USD;-529.73;-3'192.52;USD
22-01-2018 17:06:12;56206200;Kauf;AMZN;AMAZON COM ORD;US0231351067;2.0;1'314.00;34.79;0.00;-2'662.79;USD;-2'662.79;-2'662.79;USD
22-01-2018 09:10:55;00000000;Vergütung;;;;1.0;3'000.00;0.00;0.00;3'000.00;CHF;3'000.00;3'295.13;CHF
29-12-2017 15:46:54;00000000;Depotgebühren;;;;1.0;15.00;1.20;0.00;-16.20;CHF;-16.20;295.13;CHF
19-12-2017 22:15:56;55451370;Fx-Belastung Comp.;;;;1.0;1'403.21;0.00;0.00;-1'403.21;CHF;-1'403.21;311.33;CHF
19-12-2017 22:15:56;55451370;Fx-Gutschrift Comp.;;;;1.0;1'411.06;0.00;0.00;1'411.06;USD;1'411.06;0.00;USD
19-12-2017 15:30:31;55428954;Kauf;NVDA;NVIDIA ORD;US67066G1040;7.0;197.73;27.93;0.00;-1'412.04;USD;-1'412.04;-1'411.06;USD
29-09-2017 14:38:08;00000000;Depotgebühren;;;;1.0;15.00;1.20;0.00;-16.20;CHF;-16.20;1'714.54;CHF
28-09-2017 15:11:26;00000000;Auszahlung;;;;1.0;108.00;0.00;0.00;108.00;CHF;108.00;1'730.74;CHF
28-08-2017 07:01:20;00000000;Auszahlung;;;;1.0;6'500.00;2.00;0.00;-6'502.00;CHF;-6'502.00;1'622.74;CHF
31-07-2017 07:50:41;00000000;Vergütung;;;;1.0;1'500.00;0.00;0.00;1'500.00;CHF;1'500.00;8'124.74;CHF
05-07-2017 00:00:54;00000000;Vergütung;;;;1.0;1'500.00;0.00;0.00;1'500.00;CHF;1'500.00;6'624.74;CHF
30-06-2017 16:19:56;00000000;Depotgebühren;;;;1.0;15.00;1.20;0.00;-16.20;CHF;-16.20;5'124.74;CHF
31-05-2017 03:15:29;00000000;Vergütung;;;;1.0;1'500.00;0.00;0.00;1'500.00;CHF;1'500.00;5'140.94;CHF
15-05-2017 14:26:14;00000000;Dividende;PGHN;PARTNERS GROUP N;CH0024608827;1.0;150.00;52.50;0.00;97.50;CHF;97.50;3'640.94;CHF
03-05-2017 07:40:53;00000000;Interne Titelumbuchung;PGHN;PARTNERS GROUP N;CH0024608827;10.0;0;0.00;0.00;-;CHF;-;0.00;CHF
03-05-2017 07:40:53;00000000;Interne Titelumbuchung;PGHN;PARTNERS GROUP N;CH0024608827;-10.0;0;0.00;0.00;-;CHF;-;0.00;CHF
28-04-2017 07:20:29;00000000;Vergütung;;;;1.0;1'500.00;0.00;0.00;1'500.00;CHF;1'500.00;3'543.44;CHF
31-03-2017 12:49:43;00000000;Depotgebühren;;;;1.0;15.00;1.20;0.00;-16.20;CHF;-16.20;2'043.44;CHF
31-03-2017 07:35:37;00000000;Vergütung;;;;1.0;1'500.00;0.00;0.00;1'500.00;CHF;1'500.00;2'059.64;CHF
31-12-2016 13:50:31;00000000;Zins;;;;1.0;0.03;0.00;0.00;-0.03;CHF;-0.03;559.64;CHF
31-12-2016 13:10:29;00000000;Zins;;;;1.0;0.98;0.00;0.00;0.98;USD;0.98;0.98;USD
30-12-2016 13:59:40;00000000;Depotgebühren;;;;1.0;15.00;1.20;0.00;-16.20;CHF;-16.20;559.67;CHF
14-12-2016 09:14:00;50169707;Kauf;PGHN;PARTNERS GROUP N;CH0024608827;9.0;475.00;29.20;0.00;-4'304.20;CHF;-4'304.20;575.87;CHF
14-12-2016 09:14:00;50169707;Kauf;PGHN;PARTNERS GROUP N;CH0024608827;1.0;475.00;11.20;0.00;-486.20;CHF;-486.20;4'880.07;CHF
09-11-2016 09:45:01;00000000;Auszahlung;;;;1.0;25'000.00;2.00;0.00;-25'002.00;CHF;-25'002.00;5'366.27;CHF
08-11-2016 07:00:36;00000000;Auszahlung;;;;1.0;10'000.00;2.00;0.00;-10'002.00;CHF;-10'002.00;30'368.27;CHF
07-11-2016 18:43:52;00000000;Forex-Gutschrift;;;;1.0;20'005.53;0.00;0.00;20'005.53;CHF;20'005.53;40'370.27;CHF
07-11-2016 18:43:52;00000000;Forex-Belastung;;;;1.0;20'700.08;0.00;0.00;-20'700.08;USD;-20'700.08;0.00;USD
17-10-2016 18:02:25;49401547;Verkauf;AMZN;AMAZON COM ORD;US0231351067;10.0;814.13;48.24;0.00;8'093.06;USD;8'093.06;20'700.08;USD
17-10-2016 16:26:55;49394872;Verkauf;QCOM;QUALCOMM ORD;US7475251036;93.0;65.70;9.30;0.00;6'100.80;USD;6'100.80;12'607.02;USD
17-10-2016 16:26:55;49394872;Verkauf;QCOM;QUALCOMM ORD;US7475251036;38.0;65.70;23.80;0.00;2'472.80;USD;2'472.80;6'506.22;USD
17-10-2016 16:26:55;49394872;Verkauf;QCOM;QUALCOMM ORD;US7475251036;6.0;65.70;15.60;0.00;378.60;USD;378.60;4'033.42;USD
17-10-2016 15:30:03;49394835;Verkauf;NVDA;NVIDIA ORD;US67066G1040;56.0;65.99;40.62;0.00;3'654.82;USD;3'654.82;3'654.82;USD
17-10-2016 10:41:06;49394837;Verkauf;LHN;LAFARGEHOLCIM N;CH0012214059;81.0;51.05;39.95;0.00;4'095.10;CHF;4'095.10;20'364.74;CHF
17-10-2016 10:27:42;49394844;Verkauf;PGHN;PARTNERS GROUP N;CH0024608827;18.0;494.00;43.50;0.00;8'848.50;CHF;8'848.50;16'269.64;CHF
17-10-2016 10:23:42;49394848;Verkauf;NESN;NESTLE N;CH0038863350;97.0;74.35;42.25;0.00;7'169.70;CHF;7'169.70;7'421.14;CHF
30-09-2016 14:45:41;00000000;Depotgebühren;;;;1.0;15.00;1.20;0.00;-16.20;CHF;-16.20;251.44;CHF
26-09-2016 22:16:14;49138218;Fx-Belastung Comp.;;;;1.0;32.38;0.00;0.00;-32.38;CHF;-32.38;267.64;CHF
26-09-2016 22:16:14;49138218;Fx-Gutschrift Comp.;;;;1.0;33.10;0.00;0.00;33.10;USD;33.10;0.00;USD
26-09-2016 08:10:34;00000000;Vergütung;;;;1.0;300.00;0.00;0.00;300.00;CHF;300.00;300.02;CHF
23-09-2016 22:15:42;49122719;Fx-Belastung Comp.;;;;1.0;3'454.75;0.00;0.00;-3'454.75;CHF;-3'454.75;0.02;CHF
23-09-2016 22:15:42;49122719;Fx-Gutschrift Comp.;;;;1.0;3'529.03;0.00;0.00;3'529.03;USD;3'529.03;-33.10;USD
23-09-2016 20:10:29;49121840;Kauf;NVDA;NVIDIA ORD;US67066G1040;56.0;64.85;41.30;0.00;-3'672.90;USD;-3'672.90;-3'562.13;USD
23-09-2016 13:22:30;49105199;Verkauf;AMS;AMS;AT0000A18XM4;103.0;33.95;42.10;0.00;3'454.75;CHF;3'454.75;3'454.77;CHF
21-09-2016 11:17:07;00000000;Dividende;QCOM;QUALCOMM ORD;US7475251036;1.0;72.61;21.78;0.00;50.83;USD;50.83;110.77;USD
30-08-2016 22:16:40;48842424;Fx-Belastung Comp.;;;;1.0;4'217.64;0.00;0.00;-4'217.64;USD;-4'217.64;59.94;USD
30-08-2016 22:16:40;48842424;Fx-Gutschrift Comp.;;;;1.0;4'108.80;0.00;0.00;4'108.80;CHF;4'108.80;0.02;CHF
30-08-2016 09:00:43;48827831;Kauf;LHN;LAFARGEHOLCIM N;CH0012214059;81.0;51.70;40.50;0.00;-4'228.20;CHF;-4'228.20;-4'108.78;CHF
20-07-2016 15:32:08;48421901;Verkauf;FCX;FREEPORT MCMORAN ORD;US35671D8570;360.0;12.00;42.42;0.00;4'277.58;USD;4'277.58;4'277.58;USD
12-07-2016 06:50:36;00000000;Vergütung;;;;1.0;150.00;0.00;0.00;150.00;CHF;150.00;119.42;CHF
01-07-2016 22:15:52;48198204;Fx-Belastung Comp.;;;;1.0;38.08;0.00;0.00;-38.08;EUR;-38.08;0.00;EUR
01-07-2016 22:15:52;48198204;Fx-Gutschrift Comp.;;;;1.0;40.85;0.00;0.00;40.85;CHF;40.85;-30.58;CHF
01-07-2016 22:15:52;48198221;Fx-Belastung Comp.;;;;1.0;7'420.47;0.00;0.00;-7'420.47;USD;-7'420.47;0.00;USD
01-07-2016 22:15:52;48198221;Fx-Gutschrift Comp.;;;;1.0;7'153.77;0.00;0.00;7'153.77;CHF;7'153.77;-71.43;CHF
01-07-2016 09:01:47;48170570;Kauf;NESN;NESTLE N;CH0038863350;97.0;75.15;42.30;0.00;-7'331.85;CHF;-7'331.85;-7'225.20;CHF
30-06-2016 12:10:02;00000000;Depotgebühren;;;;1.0;15.00;1.20;0.00;-16.20;CHF;-16.20;106.65;CHF
27-06-2016 15:31:41;47595130;Verkauf;GOOG;ALPHABET CL C ORD;US02079K1079;11.0;670.00;46.22;0.00;7'323.78;USD;7'323.78;7'420.47;USD
22-06-2016 12:18:35;00000000;Dividende;QCOM;QUALCOMM ORD;US7475251036;1.0;72.61;21.78;0.00;50.83;USD;50.83;96.69;USD
10-06-2016 16:57:12;00000000;Dividende;AMS;AMS;AT0000A18XM4;1.0;52.53;14.45;0.00;38.08;EUR;38.08;38.08;EUR
17-05-2016 18:26:02;00000000;Dividende;PGHN;PARTNERS GROUP N;CH0024608827;1.0;189.00;66.15;0.00;122.85;CHF;122.85;122.85;CHF
11-05-2016 20:18:25;47348402;Kauf;GOOG;ALPHABET CL C ORD;US02079K1079;2.0;718.37;27.16;0.00;-1'463.90;USD;-1'463.90;45.86;USD
11-05-2016 20:14:48;47348388;Kauf;AMZN;AMAZON COM ORD;US0231351067;5.0;715.24;40.36;0.00;-3'616.56;USD;-3'616.56;1'509.76;USD
11-05-2016 09:00:25;47331701;Verkauf;SPY5;SPDR S&P 500 ETF;IE00B6YX5C33;23.0;208.29;59.00;0.00;4'731.67;USD;4'731.67;5'126.32;USD
10-05-2016 20:10:28;47331662;Kauf;AMZN;AMAZON COM ORD;US0231351067;5.0;701.48;40.26;0.00;-3'547.66;USD;-3'547.66;394.65;USD
02-05-2016 22:15:53;47266319;Fx-Belastung Comp.;;;;1.0;1'083.02;0.00;0.00;-1'083.02;USD;-1'083.02;3'942.31;USD
02-05-2016 22:15:53;47266319;Fx-Gutschrift Comp.;;;;1.0;1'024.35;0.00;0.00;1'024.35;CHF;1'024.35;0.00;CHF
02-05-2016 09:01:24;47250684;Kauf;PGHN;PARTNERS GROUP N;CH0024608827;18.0;393.00;42.65;0.00;-7'116.65;CHF;-7'116.65;-1'024.35;CHF
29-04-2016 20:55:40;47250726;Kauf;GOOG;ALPHABET CL C ORD;US02079K1079;9.0;691.97;45.19;0.00;-6'272.92;USD;-6'272.92;5'025.33;USD
29-04-2016 20:49:59;47250697;Kauf;FCX;FREEPORT MCMORAN ORD;US35671D8570;360.0;13.76;43.28;0.00;-4'996.88;USD;-4'996.88;11'298.25;USD
29-04-2016 17:39:51;47215853;Verkauf;TSLA;TESLA ORD;US88160R1014;50.0;240.00;69.11;0.00;11'930.89;USD;11'930.89;16'295.13;USD
28-04-2016 20:46:58;47215836;Verkauf;AAPL;APPLE ORD;US0378331005;46.0;95.80;42.56;0.00;4'364.24;USD;4'364.24;4'364.24;USD
27-04-2016 06:31:05;00000000;Vergütung;;;;1.0;6'000.00;0.00;0.00;6'000.00;CHF;6'000.00;6'092.30;CHF
22-04-2016 22:15:38;47178699;Fx-Belastung Comp.;;;;1.0;7'117.34;0.00;0.00;-7'117.34;CHF;-7'117.34;92.30;CHF
22-04-2016 22:15:38;47178699;Fx-Gutschrift Comp.;;;;1.0;7'203.28;0.00;0.00;7'203.28;USD;7'203.28;0.00;USD
22-04-2016 20:04:34;47177895;Kauf;QCOM;QUALCOMM ORD;US7475251036;137.0;52.40;46.62;0.00;-7'225.42;USD;-7'225.42;-7'203.28;USD
06-04-2016 09:00:57;46945393;Verkauf;SREN;SWISS RE N;CH0126881561;82.0;86.50;42.65;0.00;7'050.35;CHF;7'050.35;7'209.64;CHF
04-04-2016 11:06:08;00000000;Dividende;SPY5;SPDR S&P 500 ETF;IE00B6YX5C33;1.0;22.14;0.00;0.00;22.14;USD;22.14;22.14;USD
31-03-2016 15:56:41;00000000;Depotgebühren;;;;1.0;15.00;1.20;0.00;-16.20;CHF;-16.20;159.29;CHF
17-02-2016 22:15:27;46400350;Fx-Belastung Comp.;;;;1.0;3'069.89;0.00;0.00;-3'069.89;CHF;-3'069.89;175.49;CHF
17-02-2016 22:15:27;46400350;Fx-Gutschrift Comp.;;;;1.0;3'064.77;0.00;0.00;3'064.77;USD;3'064.77;0.00;USD
17-02-2016 20:34:20;46399393;Kauf;TSLA;TESLA ORD;US88160R1014;18.0;168.95;40.41;0.00;-3'081.51;USD;-3'081.51;-3'064.77;USD
17-02-2016 09:01:20;46382278;Verkauf;AMS;AMS;AT0000A18XM4;120.0;26.75;42.15;0.00;3'167.85;CHF;3'167.85;3'245.38;CHF
12-02-2016 21:59:18;00000000;Dividende;AAPL;APPLE ORD;US0378331005;1.0;23.92;7.18;0.00;16.74;USD;16.74;16.74;USD
03-02-2016 22:15:43;46223685;Fx-Belastung Comp.;;;;1.0;4'469.71;0.00;0.00;-4'469.71;CHF;-4'469.71;77.53;CHF
03-02-2016 22:15:43;46223685;Fx-Gutschrift Comp.;;;;1.0;4'404.87;0.00;0.00;4'404.87;USD;4'404.87;0.00;USD
03-02-2016 20:22:56;46222167;Kauf;AAPL;APPLE ORD;US0378331005;46.0;95.31;42.43;0.00;-4'426.69;USD;-4'426.69;-4'404.87;USD
03-02-2016 07:35:36;00000000;Vergütung;;;;1.0;3'000.00;0.00;0.00;3'000.00;CHF;3'000.00;4'547.24;CHF
29-01-2016 06:33:28;00000000;Vergütung;;;;1.0;1'500.00;0.00;0.00;1'500.00;CHF;1'500.00;1'547.24;CHF
15-01-2016 09:01:34;45985379;Kauf;AMS;AMS;AT0000A18XM4;57.0;28.65;24.80;0.00;-1'657.85;CHF;-1'657.85;47.24;CHF
04-01-2016 11:30:53;00000000;Dividende;SPY5;SPDR S&P 500 ETF;IE00B6YX5C33;1.0;21.36;0.00;0.00;21.36;USD;21.36;21.82;USD
01-01-2016 13:10:36;00000000;Zins;;;;1.0;0.17;0.00;0.00;0.17;CHF;0.17;1'705.09;CHF
01-01-2016 13:10:36;00000000;Zins;;;;1.0;0.46;0.00;0.00;0.46;USD;0.46;0.46;USD
31-12-2015 12:07:53;00000000;Depotgebühren;;;;1.0;15.00;1.20;0.00;-16.20;CHF;-16.20;1'704.92;CHF
31-12-2015 08:05:58;00000000;Vergütung;;;;1.0;1'500.00;0.00;0.00;1'500.00;CHF;1'500.00;1'721.12;CHF
19-11-2015 22:15:40;45362671;Fx-Belastung Comp.;;;;1.0;608.45;0.00;0.00;-608.45;CHF;-608.45;221.12;CHF
19-11-2015 22:15:40;45362671;Fx-Gutschrift Comp.;;;;1.0;594.69;0.00;0.00;594.69;USD;594.69;0.00;USD
19-11-2015 22:15:40;45362647;Fx-Belastung Comp.;;;;1.0;1'995.32;0.00;0.00;-1'995.32;EUR;-1'995.32;0.00;EUR
19-11-2015 22:15:40;45362647;Fx-Gutschrift Comp.;;;;1.0;2'122.07;0.00;0.00;2'122.07;USD;2'122.07;-594.69;USD
19-11-2015 09:00:18;45347941;Berichtigung Börsengeb.;SPY5;SPDR S&P 500 ETF;IE00B6YX5C33;1.0;48.30;0.00;0.00;48.30;USD;48.30;-2'716.76;USD
19-11-2015 09:00:11;45347941;Kauf;SPY5;SPDR S&P 500 ETF;IE00B6YX5C33;23.0;210.02;110.29;0.00;-4'940.75;USD;-4'940.75;-2'765.06;USD
26-10-2015 09:02:11;45063967;Verkauf;SCE;SCHWEIZER ELECTRONIC N ORD;DE0005156236;104.0;18.99;29.41;0.00;1'945.55;EUR;1'945.55;1'995.32;EUR
30-09-2015 15:06:43;00000000;Depotgebühren;;;;1.0;15.00;1.20;0.00;-16.20;CHF;-16.20;829.57;CHF
03-08-2015 09:00:11;44070226;Kauf;AMS;AMS;AT0000A18XM4;166.0;41.55;47.70;0.00;-6'945.00;CHF;-6'945.00;845.77;CHF
06-07-2015 08:01:57;00000000;Dividende;SCE;SCHWEIZER ELECTRONIC N ORD;DE0005156236;1.0;67.60;17.83;0.00;49.77;EUR;49.77;49.77;EUR
30-06-2015 16:39:31;00000000;Depotgebühren;;;;1.0;15.00;1.20;0.00;-16.20;CHF;-16.20;7'790.77;CHF
18-06-2015 20:58:12;43549293;Verkauf;MU;MICRON TECHNOLOGY ORD;US5951121038;90.0;24.61;39.21;0.00;2'175.69;USD;2'175.69;2'175.69;USD
16-06-2015 11:39:24;43510174;Verkauf;ATLN;ACTELION N;CH0010532478;50.0;139.20;42.05;0.00;6'917.95;CHF;6'917.95;7'806.97;CHF
15-05-2015 15:28:40;00000000;Capital Gain;ATLN;ACTELION N;CH0010532478;1.0;65.00;0.00;0.00;65.00;CHF;65.00;889.02;CHF
23-04-2015 12:33:22;00000000;Capital Gain;SREN;SWISS RE N;CH0126881561;1.0;594.50;0.00;0.00;594.50;CHF;594.50;824.02;CHF
31-03-2015 18:16:26;00000000;Depotgebühren;;;;1.0;15.00;1.20;0.00;-16.20;CHF;-16.20;229.52;CHF
21-01-2015 22:15:41;41827960;Fx-Belastung Comp.;;;;1.0;2'348.40;0.00;0.00;2'348.40;CHF;2'348.40;245.72;CHF
21-01-2015 22:15:41;41827960;Fx-Gutschrift Comp.;;;;1.0;2'695.75;0.00;0.00;2'695.75;USD;2'695.75;0.00;USD
21-01-2015 15:30:03;41774042;Kauf;MU;MICRON TECHNOLOGY ORD;US5951121038;90.0;29.51;39.83;0.00;-2'695.73;USD;-2'695.73;-2'695.75;USD
20-01-2015 22:15:59;41772402;Fx-Belastung Comp.;;;;1.0;2'482.20;0.00;0.00;2'482.20;CHF;2'482.20;2'594.12;CHF
20-01-2015 22:15:59;41772402;Fx-Gutschrift Comp.;;;;1.0;2'426.83;0.00;0.00;2'426.83;EUR;2'426.83;0.00;EUR
20-01-2015 09:02:27;41753820;Kauf;SCE;SCHWEIZER ELECTRONIC N ORD;DE0005156236;104.0;22.95;40.03;0.00;-2'426.83;EUR;-2'426.83;-2'426.83;EUR
19-01-2015 07:50:59;00000000;Vergütung;;;;1.0;5'000.00;0.00;0.00;5'000.00;CHF;5'000.00;5'076.32;CHF
13-01-2015 09:01:29;41622703;Kauf;SREN;SWISS RE N;CH0126881561;82.0;84.55;42.55;0.00;-6'975.65;CHF;-6'975.65;76.32;CHF
01-01-2015 12:58:51;00000000;Zins;;;;1.0;0.02;0.00;0.00;-0.02;USD;-0.02;-0.02;USD
01-01-2015 12:43:14;00000000;Zins;;;;1.0;2.57;0.00;0.00;2.57;CHF;2.57;7'051.97;CHF
31-12-2014 12:46:08;00000000;Depotgebühren;;;;1.0;15.00;1.20;0.00;-16.20;CHF;-16.20;7'049.40;CHF
11-12-2014 09:02:19;41247347;Verkauf;OERL;OC OERLIKON N;CH0000816824;350.0;11.85;40.45;0.00;4'107.05;CHF;4'107.05;7'065.60;CHF
30-09-2014 18:09:10;00000000;Depotgebühren;;;;1.0;15.00;1.20;0.00;-16.20;CHF;-16.20;2'958.55;CHF
30-06-2014 18:50:51;00000000;Depotgebühren;;;;1.0;16.20;0.00;0.00;16.20;CHF;16.20;2'974.75;CHF
12-05-2014 15:37:25;00000000;Capital Gain;ATLN;ACTELION N;CH0010532478;1.0;60.00;0.00;0.00;60.00;CHF;60.00;2'990.95;CHF
25-04-2014 11:49:48;00000000;Capital Gain;OERL;OC OERLIKON N;CH0000816824;1.0;94.50;0.00;0.00;94.50;CHF;94.50;2'930.95;CHF
24-04-2014 07:40:38;00000000;Vergütung;;;;1.0;2'400.00;0.00;0.00;2'400.00;CHF;2'400.00;2'836.45;CHF
31-03-2014 18:39:43;00000000;Depotgebühren;;;;1.0;16.20;0.00;0.00;16.20;CHF;16.20;436.45;CHF
27-03-2014 14:00:53;38488881;Fx-Belastung Comp.;;;;1.0;47.35;0.00;0.00;47.35;CHF;47.35;452.65;CHF
27-03-2014 14:00:53;38488881;Fx-Gutschrift Comp.;;;;1.0;52.90;0.00;0.00;52.90;USD;52.90;0.00;USD
27-03-2014 07:50:35;00000000;Vergütung;;;;1.0;500.00;0.00;0.00;500.00;CHF;500.00;500.00;CHF
26-03-2014 14:01:04;38474967;Fx-Belastung Comp.;;;;1.0;6'313.65;0.00;0.00;6'313.65;CHF;6'313.65;0.00;CHF
26-03-2014 14:01:04;38474967;Fx-Gutschrift Comp.;;;;1.0;7'055.78;0.00;0.00;7'055.78;USD;7'055.78;-52.90;USD
25-03-2014 20:36:48;38467556;Kauf;TSLA;TESLA ORD;US88160R1014;32.0;220.70;46.44;0.00;-7'108.84;USD;-7'108.84;-7'108.68;USD
24-03-2014 06:30:46;00000000;Vergütung;;;;1.0;2'400.00;0.00;0.00;2'400.00;CHF;2'400.00;6'313.65;CHF
20-03-2014 09:01:18;38406448;Kauf;ATLN;ACTELION N;CH0010532478;50.0;90.05;40.75;0.00;-4'543.25;CHF;-4'543.25;3'913.65;CHF
19-03-2014 08:10:36;00000000;Vergütung;;;;1.0;6'000.00;0.00;0.00;6'000.00;CHF;6'000.00;8'456.90;CHF
24-02-2014 08:04:36;00000000;Vergütung;;;;1.0;2'400.00;0.00;0.00;2'400.00;CHF;2'400.00;2'456.90;CHF
03-02-2014 09:17:42;37888088;Kauf;OERL;OC OERLIKON N;CH0000816824;350.0;14.35;40.60;0.00;-5'063.10;CHF;-5'063.10;56.90;CHF
24-01-2014 08:12:42;00000000;Vergütung;;;;1.0;4'200.00;0.00;0.00;4'200.00;CHF;4'200.00;5'120.00;CHF
13-01-2014 07:52:23;00000000;Vergütung;;;;1.0;850.00;0.00;0.00;850.00;CHF;850.00;920.00;CHF
01-01-2014 16:14:15;00000000;Zins;;;;1.0;0.12;0.00;0.00;0.12;CHF;0.12;70.00;CHF
02-01-2013 01:56:23;00000000;Zins;;;;1.0;0.16;0.00;0.00;0.16;USD;0.16;0.16;USD
02-01-2013 01:56:22;00000000;Zins;;;;1.0;0.05;0.00;0.00;0.05;CHF;0.05;69.88;CHF
31-12-2012 16:31:44;00000000;Depotgebühren;;;;1.0;13.50;0.00;0.00;13.50;CHF;13.50;69.83;CHF
18-12-2012 12:21:23;33343688;Auszahlung;;;;1.0;6'000.00;15.00;0.00;-6'015.00;CHF;-6'015.00;83.33;CHF
13-12-2012 15:35:13;33313956;Verkauf;OERL;OC OERLIKON N;CH0000816824;257.0;10.25;39.35;0.00;2'594.90;CHF;2'594.90;6'098.33;CHF
13-12-2012 15:34:26;33313936;Forex-Belastung;;;;1.0;2'707.17;0.00;0.00;2'707.17;USD;2'707.17;0.00;USD
13-12-2012 15:34:26;33313936;Forex-Gutschrift;;;;1.0;2'483.00;0.00;0.00;2'483.00;CHF;2'483.00;3'503.43;CHF
13-12-2012 15:33:44;33313923;Verkauf;ROG;ROCHE GS;CH0012032048;5.0;186.10;23.05;0.00;907.45;CHF;907.45;1'020.43;CHF
15-11-2012 13:47:54;00000000;Dividende;AAPL;APPLE ORD;US0378331005;1.0;13.25;3.98;0.00;9.27;USD;9.27;2'707.17;USD
08-11-2012 19:58:52;32995902;Verkauf;AAPL;APPLE ORD;US0378331005;5.0;545.72;40.00;0.00;2'688.60;USD;2'688.60;2'697.90;USD
28-09-2012 19:18:11;00000000;Depotgebühren;;;;1.0;13.50;0.00;0.00;13.50;CHF;13.50;112.98;CHF
16-08-2012 13:31:38;00000000;Dividende;AAPL;APPLE ORD;US0378331005;1.0;13.25;3.98;0.00;9.27;USD;9.27;9.30;USD
02-07-2012 13:26:02;00000000;Zins;;;;1.0;0.08;0.00;0.00;0.08;CHF;0.08;126.48;CHF
02-07-2012 12:31:35;00000000;Zins;;;;1.0;0.03;0.00;0.00;0.03;USD;0.03;0.03;USD
29-06-2012 17:51:51;00000000;Depotgebühren;;;;1.0;13.50;0.00;0.00;13.50;CHF;13.50;126.40;CHF
27-04-2012 09:01:53;31132229;Kauf;OERL;OC OERLIKON N;CH0000816824;200.0;8.46;23.60;0.00;-1'715.60;CHF;-1'715.60;139.90;CHF
26-04-2012 06:40:23;00000000;Vergütung;;;;1.0;1'500.00;0.00;0.00;1'500.00;CHF;1'500.00;1'855.50;CHF
20-04-2012 04:40:35;00000000;Capital Gain;;OC OERLIKON N;CH0000816824;1.0;11.40;0.00;0.00;11.40;CHF;11.40;355.50;CHF
30-03-2012 18:20:31;00000000;Depotgebühren;;;;1.0;13.50;0.00;0.00;13.50;CHF;13.50;344.10;CHF
21-03-2012 14:03:32;30777336;Fx-Gutschrift Comp.;;;;1.0;2'899.40;0.00;0.00;2'899.40;USD;2'899.40;0.00;USD
21-03-2012 14:03:32;30777336;Fx-Belastung Comp.;;;;1.0;2'664.50;0.00;0.00;2'664.50;CHF;2'664.50;357.60;CHF
20-03-2012 14:30:13;30756971;Kauf;AAPL;APPLE ORD;US0378331005;5.0;599.32;40.34;0.00;-3'036.94;USD;-3'036.94;-2'899.40;USD
20-03-2012 07:50:22;00000000;Vergütung;;;;1.0;3'000.00;0.00;0.00;3'000.00;CHF;3'000.00;3'022.10;CHF
13-03-2012 13:05:55;00000000;Dividende;ROG;ROCHE GS;CH0012032048;1.0;34.00;11.90;0.00;22.10;CHF;22.10;22.10;CHF
02-01-2012 14:17:27;29850093;Fx-Gutschrift Comp.;;;;1.0;71.44;0.00;0.00;71.44;CHF;71.44;0.00;CHF
02-01-2012 14:17:27;29850093;Fx-Belastung Comp.;;;;1.0;76.66;0.00;0.00;76.66;USD;76.66;137.54;USD
01-01-2012 13:59:19;00000000;Zins;;;;1.0;0.01;0.00;0.00;0.01;CHF;0.01;-71.44;CHF
01-01-2012 13:46:01;00000000;Zins;;;;1.0;0.08;0.00;0.00;0.08;USD;0.08;214.20;USD
30-12-2011 18:06:43;00000000;Depotgebühren;;;;1.0;13.50;0.00;0.00;13.50;CHF;13.50;-71.45;CHF
30-12-2011 12:02:16;29803320;Kauf;ROG;ROCHE GS;CH0012032048;5.0;159.00;22.95;0.00;-817.95;CHF;-817.95;-57.95;CHF
27-12-2011 07:50:29;00000000;Vergütung;;;;1.0;760.00;0.00;0.00;760.00;CHF;760.00;760.00;CHF
03-10-2011 14:16:00;28870570;Fx-Gutschrift Comp.;;;;1.0;13.50;0.00;0.00;13.50;CHF;13.50;0.00;CHF
03-10-2011 14:16:00;28870570;Fx-Belastung Comp.;;;;1.0;14.94;0.00;0.00;14.94;USD;14.94;214.12;USD
30-09-2011 20:35:40;00000000;Depotgebühren;;;;1.0;13.50;0.00;0.00;13.50;CHF;13.50;-13.50;CHF
01-07-2011 14:22:46;27617261;Fx-Gutschrift Comp.;;;;1.0;0.80;0.00;0.00;0.80;CHF;0.80;0.00;CHF
01-07-2011 14:22:46;27617261;Fx-Belastung Comp.;;;;1.0;0.95;0.00;0.00;0.95;USD;0.95;229.06;USD
01-07-2011 13:40:15;00000000;Zins;;;;1.0;0.01;0.00;0.00;0.01;USD;0.01;230.01;USD
30-06-2011 15:44:56;00000000;Depotgebühren;;;;1.0;13.50;0.00;0.00;13.50;CHF;13.50;-0.80;CHF
09-06-2011 20:51:12;27431346;Forex-Belastung;;;;1.0;195.35;0.00;0.00;195.35;CHF;195.35;12.70;CHF
09-06-2011 20:51:12;27431346;Forex-Gutschrift;;;;1.0;230.00;0.00;0.00;230.00;USD;230.00;230.00;USD
06-06-2011 07:40:27;00000000;Vergütung;;;;1.0;200.00;0.00;0.00;200.00;CHF;200.00;208.05;CHF
25-05-2011 09:01:54;27298332;Kauf;OERL;OC OERLIKON N;CH0000816824;27.0;6.70;11.50;0.00;-192.40;CHF;-192.40;8.05;CHF
23-05-2011 07:30:29;00000000;Vergütung;;;;1.0;200.00;0.00;0.00;200.00;CHF;200.00;200.45;CHF
31-03-2011 17:51:48;00000000;Depotgebühren;;;;1.0;13.50;0.00;0.00;13.50;CHF;13.50;0.45;CHF
06-12-2010 09:01:55;25225002;Kauf;OERL;OC OERLIKON N;CH0000816824;30.0;4.82;11.45;0.00;-156.05;CHF;-156.05;13.95;CHF
17-11-2010 09:17:48;25016147;Verkauf;CBICB;CBICB CBK C;CH0110025944;1.0;180.10;10.10;0.00;170.00;CHF;170.00;170.00;CHF
02-11-2010 22:35:17;00000000;Titeleingang;CBICB;CBICB CBK C;CH0110025944;1.0;185.00;0.00;0.00;-;;-;0.00;
